Человек для особых поручений , Антон В,"4,6",137,"4,5",7
Закон военного счастья , Николай Басов,"4,3",14,"4,3",16
Потерянный бог , Милослав Князев,"4,3",225,"3,8",80
Звездный разведчик , Владимир Лосев,"4,0",8,"4,6",5
Путешествие из Петербурга в Москву (сборник) , Александр Николаевич Радищев,"4,2",9,"3,7",59
Позывной «Технарь» , Константин Николаевич Муравьёв,"4,3",223,"5,0",3
Личный враг человечества. Книга 2. Операция «Сны цивилизации» , Алексей Имп,"4,0",70,"4,5",6
Запрещенная реальность. Том 1 , Василий Головачёв,"4,3",125,"3,3",8
Сердце Дракона. Том 12 (СИ) , Кирилл Сергеевич Клеванский,"4,8",101,"4,7",237
Вечный зов. Том II , Анатолий Иванов,"4,7",101,"4,7",200
Везунчики , Рустам Максимов,"3,7",18,None,None
Живучий. Закрытые миры , Константин Николаевич Муравьев,"4,4",713,"3,9",80
Юзер , Анджей Ясинский,"4,4",308,"4,4",375
Легендарный Лунный Скульптор. Книга 34. , Нам Хи Сон,"4,0",2823,"4,1",2716
Лунный скульптор (книга 7). , Nam Heesung,"4,0",211,"3,5",352
Из евреев в попаданцы. Книга вторая. , Дмитрий Гаук,"4,9",722,"5,0",13
Страна негодяев , Сергей Александрович Есенин,"4,6",27,"4,3",4
Галактика онлайн. Том 2 , Павел Коршунов,"4,4",173,None,None
Управленец , Владимир Поселягин,"4,3",22,"3,8",35
Кальмар. Полная книга , Валерий Шалдин,"4,4",18,"4,1",62
Леший. Путь проклятых , Али Алиев,"4,2",242,"5,0",3
Азарт , Терентий Гравин,"4,9",7,"3,3",4
Попадос 4 , Sunmen,"4,4",36,None,None
АРК. Том 11 , Yoo Seong,"4,9",30,None,None
Императоры Иллюзий , Сергей Васильевич Лукьяненко,"4,2",23,"3,0",1
Новые маги. Друид , Максим Дрешпак,"4,3",12,"4,0",1
Нрзи. Колония нестрогого режима. , Арт Богданов,"4,3",34,"4,0",8
"Elder Scrolls. Адский город, The ", Грегори Киз,"4,5",27,None,None
Игра в Игре. Том 2. Великая гробница , Омельянов Ярослав,"4,0",1,"4,5",4
Лабиринт на орбите , Сергей Залевский,"3,7",11,None,None
Красный смех (сборник) , Леонид Николаевич Андреев,"4,1",64,"4,2",36
Перерождение. Начало , Виолетта Цепеш & Александр Шипилов,"4,7",722,"4,1",33
На Пару Снов_. , Сергей Зарин,"4,8",19,"4,2",19
Не будите спящих джиннов , Василий Головачёв,"4,4",59,"4,7",6
Попадос 3 , Sunmen,"4,6",33,None,None
Демон Разума 2_ Культ света , Иван Шаман,"3,8",328,"4,0",2
Империя , Милослав Князев,"4,3",178,"3,9",41
Магия Фиора , Милослав Князев,"4,5",155,"3,9",32
Серый _ Серый. Подготовка. Стальной рубеж , Константин Николаевич Муравьев,"4,5",344,"4,0",143
Чудеса случаются. Дилогия , Александр Борискин,"5,0",1,None,None
Нойоны. Гроза на востоке , Александр Юрьевич Бауров,"3,6",9,None,None
Аэрос. Оцифрованный мир (1,2) ,0,оценить,"4,0",3
Зародыш мира. Начало , Victor,"4,6",11,"4,3",151
Тайные кланы. Пробуждение вайлорда , Элиан Тарс,"5,0",15,None,None
История одного пета. Часть 1 , Алексей Калинин,"4,7",643,"4,3",105
Бессистемная отладка. Утилизация , Тимофей Царенко,"4,7",462,"3,8",83
Иностранец. Друзья и враги , Игорь Витальевич Шелег,"4,6",9,None,None
С любимыми не расставайтесь! (сборник) , Александр Володин,"4,6",14,"4,0",51
Новейший Свет. Ингвар_ первые шаги (СИ) , Алекс Бадинтер,0,оценить,None,None
Волк. Студент , Виктория Гетто & Александр Михайлович Авраменко,"4,8",888,"4,5",6762
Файролл. Край холодных ветров , Андрей Васильев,"4,8",965,"4,3",62
Правдивая история Азраила. Враг двух миров. Том 4 (Passum Interitum 1.4) (СИ) , Антон Тутынин,"4,5",495,"3,9",59
ГКР,3,"4,5",385,"4,4",553
История одного Воина. Начало. , Виталий Молодушный Салливан,"4,1",136,"4,4",16
Защита Периметра. Второй контракт , Михаил Александрович Атаманов,"4,9",478,"4,5",153
Последний Выживший. Том 1 , Грек Максим,"2,7",8,"1,0",2
"Прощай, Гульсары! (сборник) ", Чингиз Айтматов,"4,9",73,"4,7",93
Трудно быть богом , Аркадий Стругацкий & Борис Стругацкий,"4,7",2288,"4,4",17 931
"Некрополь. Том первый, часть первая. ", Евгений Нетт,"4,7",32,"4,5",429
Адмирал с Земли , Алексей Константинович Чижовский,"4,0",278,"3,8",69
Клан быка , Иван Тропов,0,оценить,None,None
Недомерок , Глеб Седых,"4,2",237,None,None
Следы Сиятельного. Книга первая. Пункт назначения. , Джон Голд,"4,6",45,"4,5",2
Sword Art Online. Том 7 , Розарий матери ,"4,8",7281,"4,6",22 395
КвазаРазмерность. Книга 4 , Виталий Вавикин,"4,5",58,"4,5",4764
Девятый уровень. Часть вторая. , Дмитрий Серебряков,"4,8",59,"4,4",3
Дитя , К_И_С,"4,0",1645,"3,4",13 086
Ведьма (сборник) , Надежда Тэффи,"4,7",26,"4,4",9
Альфа. Игрок R 5,100 ,"4,5",457,"3,8",67
Истребитель 2. Орки,Иван Шаман,"3,8",345,"4,6",5
Кальмар. Книга первая , Валерий Шалдин,"4,4",18,"4,1",62
Мобильник для героя , Николай Нестеров,"4,3",42,"3,2",27
Город Л.Збт , Кромт,"4,9",21,None,None
Катар. часть вторая , Игорь Анатольевич Хорт,"4,4",1090,"4,3",948
Преступление и наказание , Федор Михайлович Достоевский,"4,3",123,"4,4",58049
Сын Галактики. Противостояние , Дмитрий Викторович Распопов,"4,2",86,"3,8",43
Великая Игра. , Зак,"4,4",140,None,None
Проклятое дитя. Том 1 часть вторая , Олег Митрофанов,"4,0",1645,"3,4",13 086
"Виват, император. Часть третья ", Юрий Николаевич Москаленко,"4,5",297,"3,9",7
Последний выживший. Дилогия (СИ) , Максим Грек (СИ),"2,7",8,"1,0",2
Воплощенный в Камне. Книга 1 , Алексей Тихий,"4,8",19,None,None
Мистический рыцарь , Тайниковский,"4,2",21,"3,8",5
Боевое безумие , Сергей Александрович Ли,"4,5",8,"5,0",1
Итрим. Нижний Мир (СИ) , Дмитрий Колотилин,"4,3",1249,"4,5",128
Темный Эвери. Путь смерти , Иван Суббота,"4,3",69,"3,5",12
Возвращение Ангелов. Начало , Максим Некрасов,"4,7",356,"4,4",2241
Временщик. Вратарь (СИ) , Дмитрий Билик,"4,8",374,"4,3",61
Галактиона. Начало игры , Василий Михайлович Маханенко,"4,6",388,"4,0",113
Мир осколков. В небесах , Никита Семин,"4,6",28,"4,9",8
Хан. Рождение легенды , Дмитрий Серебряков,"4,5",2883,"4,3",7430
Беглецы. Тетралогия , Виктория Гетто,"4,7",31,"4,8",74
Файролл. Квадратура круга. Том 1 , Андрей Васильев,"4,8",965,"4,3",62
Мутант. Новая колония. , Виктор Казначеев,"4,5",3259,"4,3",15 488
Свободные Миры. Змеиные сети , Анатолий Натанович Арсеньев,"4,2",50,"4,0",2
Зеркала Арона. Посвященный , Алексей Евгениевич Федоров,"4,6",7,None,None
Инферно , Дмитрий Рус,"4,8",944,"4,5",901
Огнев. Друг мой враг 1. Нереальный , Неизвестный,"4,2",42,None,None
Второй шанс для свиданий , Тигра Белая,"4,9",11,"3,0",1
Затерянные среди звезд , Александр Анатольевич Берг,"4,7",1131,"4,3",592
Предел битвы. Книга,1 ,"4,8",7,"5,0",1
Дальше. Книга 2 (СИ) , Михаил Владимирович Савич,"4,7",560,"4,7",1651
Молодая гвардия , Александр Александрович Фадеев,"4,6",142,"4,3",1949
Гремя огнём. сверкая блеском стали,6 ,"4,1",171,"4,1",10
Хардкор , Владимир Венгловский,"3,7",46,"3,8",5
Княжна Тараканова (сборник) , Григорий Петрович Данилевский,"4,7",3,"4,1",386
Двенадцать стульев. Золотой теленок , Илья Ильф & Евгений Петров,"4,4",63,"4,6",25 076
Напарники. , Сергей Георгиевич Обатуров,"4,8",18,"4,0",48
Месть нуба , Серж Винтеркей,"4,8",1537,"4,0",35
Серый город , Элиан Тарс,"4,6",89,None,None
Заханд. Финал. [СИ] , Алексей Владимирович Андриенко,"4,7",24,"3,4",3
Эрта. Время сирот , Николай Побережник,"4,5",74,"4,2",14
Система Возвышения. Метаморф! , Кин,"5,0",1,None,None
Проект «Апокалипсис» , Иван Магазинников,"4,3",103,"3,9",11
Эпоха справедливости. Книга вторая. Рассвет. , Андрей Мороз,"4,4",18,"4,0",1
Вызов. Книга 2 (гл. 1,33) ,"4,7",2868,"4,6",5963
Наследие древних , Милослав Князев,"4,4",130,"4,0",16
Даркнет. Игра реальности , Антон Дмитриевич Емельянов & Сергей Анатольевич Савинов,"4,2",185,"4,3",33
Верравия. Ключ Отца , Дмитрий Билик,"4,4",64,None,None
Level Up. Нокаут 2 , Данияр Саматович Сугралинов & Максим Александрович Лагно,"4,3",24,"4,6",29
Хроники Реликта. Том 2 , Василий Головачёв,"4,3",91,"4,4",16
Новая Земля. Мое начало игры ," Alevolva, Трощенко Илья","4,6",321,"4,5",559
Вампир. Анаракт (СИ) , Виктор Казначеев,"4,4",3585,"4,3",5764
Ворон. Скафандр богов , Олег Мельник,"4,0",343,"4,1",196
Худший из миров. Книга 1 , Валерий Иванович Софроний,"4,3",193,"3,7",62
Клинок выковывается , Дмитрий В,"4,5",146,"4,5",6
Маг,сыскарь,"4,4",37,"3,7",14
Дитя Гетеи , Константин Келлер,"4,3",8,None,None
Перенос , Евгений Кострица,"3,4",50,"3,5",9
Трансформация. Темный Мир (СИ) , Валерий Старский,"4,6",172,"4,2",38
Охотник. Тайна Долины Смерти , Хайдарали Усманов,"4,4",989,"4,0",1992
AlterGame. Книга 1. Первый Игрок , Андрей Юрьевич Нечаев,"4,4",519,"4,2",512
Человечество. Дни грядущие (СИ) , Владимир Снежкин,"4,6",30,"4,3",8
"Путешествие, которого я не хотел. Версия Вторая. Книга Первая. Арки Первая и Вторая. Главы 1",85 ,"4,1",85,"4,5",6
Шахматы богов 5. Экспансия [СИ] , Сергей Сергеевич Ткачев,0,оценить,None,None
Преторианец. Начало [СИ] , Д К Баймышев,"4,1",46,"4,0",6
Тульпомансер. Книга 1 [publisher_ ИДДК] , Дмитрий Васильевич Нелин,"4,7",33,"4,3",9
"Вы призвали не того_. (книга 6, том 1) ", Тимур Айтбаев,"4,5",102,"4,4",1934
Кицунэ. Луч во Тьме , Валери Кир,"4,2",324,"3,6",81
Сен. Книга пятая. Взросление Сена. Цензурная версия. , Арсёнов Илья,"4,4",7402,"4,4",7879
Баронет. Старые враги , Евгений Катрич,"4,5",348,"4,8",80
Петербургские трущобы. Том 1 , Всеволод Владимирович Крестовский,"4,7",149,"4,3",305
Изгнание владыки. Роман. Рассказы , Григорий Борисович Адамов,"4,5",3259,"4,3",15 488
Бег. Тропою змея , Михаил Тихонов,"4,7",7703,"4,6",18 045
Не герой. Том 3 , Леонид Антонов,"3,9",31,"4,0",60
Тау Мара. Контролер , Владимир Кощеев,"4,4",32,None,None
Рой , Вячеслав Кумин,"4,0",73,None,None
Возвращение Ангелов. Книга 2. Игра со смертью. , Максим Некрасов,"4,7",356,"4,4",2241
Меняющийся Мир. Исток , Сергей Кац,"4,9",31,"4,3",21
Бездна голодных глаз , Генри Лайон Олди,"4,6",51,"4,5",67
Маг,рукопашник ,"4,6",39,"2,0",2
Амулет князя , Ольга Яновская,"4,0",8,None,None
"Хаос, порядок и разум. 8 ", Прочерк Игорь Анатольевич,"3,9",7,None,None
Level Up. Испытание , Данияр Саматович Сугралинов,"4,3",24,"4,6",29
Эскул. О скитаниях , Андрей Респов,"4,9",19,"4,5",29
Личный враг человечества_ Книга,1,"4,0",70,"4,5",6
Спасения Н.Е.Т. , Михаил Северный,"4,3",71,"4,4",63
Новый мир , Павел Шек,"4,7",162,"4,4",89
Наследник , Сергей Залевский,"2,5",19,"4,0",1
Уравнение с одним неизвестным , Василий Маханенко,"4,7",235,"4,4",5
Долгая дорога домой , Александр Демьянов,"4,3",255,"3,7",68
КвазаРазмерность. Книга 3 , Виталий Вавикин,"4,5",58,"4,5",4764
Некромант из криокамеры 3 , Владимир Кощеев,"4,7",124,"4,5",2
Альвен. Не время умирать , Евгений Сай,"5,0",1,"5,0",1
Очень живучая тварь , Ам Аль,"5,0",6,None,None
Арс. Зло. , S1,"4,6",105,"4,2",516
Звездный странник. Начало пути , Матвей Дебров,"4,0",7,None,None
У Безумия тоже есть цвет , Верона Кей,"5,0",17,None,None
Quantum compita , Алексей Лавров,"3,7",33,"4,0",1
Каторга. Преступники , Влас Михайлович Дорошевич,"4,6",351,"4,5",429
Синица. Титан. Дилогия , Неизвестный,"4,8",29,"4,7",34
Проект. Книга 2 , Алексей Финютин,"4,5",565,"4,3",4246
Бард. Альбом первый_ Отступники , Гедеон,"4,7",1141,"4,7",14 279
Информация важна. Серьёзно. , Onikage Spanner & Youta,"3,3",69,"2,0",2
Альтернатива. Точка отсчета , Андрей Красников,"5,0",6,"5,0",1
Божественный призыв. Том 2 , Василий Вермолёк,"4,5",7,"4,2",137
Мир ждёт героя , Влад Непальский,"3,5",8,None,None
Сен. Потрошитель демонов , Илья Александрович Арсёнов,"4,4",7402,"4,4",7879
Потерянные земли , Милослав Князев,"4,6",181,"3,9",47
Тео. Тайна красной планеты [СИ] , Нил Алмазов,"3,8",359,"3,8",301
ВИКС. Душелов , Сергей Григорьевич Зайцев,"4,8",135,"5,0",1
Наказан играть. Книга 4 , Евгений Осьминожкин,"4,0",26,None,None
Скурфайфер , Рос Пер,"4,8",554,"4,3",43
Вирт , Джефф Нун,"4,2",82,"4,1",1713
Я – Игрок , Павел Сергеевич Кувшинов,"4,0",2,None,None
Что нам Содружество. Трилогия , Владимир Николаевич Скворцов,"4,5",2,None,None
Астральщик. Том 2 , Анджей Ясинский,"4,5",236,"4,4",143
Темный Эвери. Лич , 4 ,"4,3",69,"3,5",12
Рэки. Sword Art Online 20. Колыбель Луны. Книга 2 , Неизвестный,"4,8",7281,"4,6",22 395
Терион. Сага о чести и долге , Александр Кипчаков,0,оценить,None,None
Правдивая история Азраила. Враг двух миров. Том 3,й,"4,5",495,"3,9",59
Игрок поневоле , Терентий Гравин,"4,9",7,"3,3",4
Создание. , Александр Михайлович Андреев (ЗАК),"4,4",10,None,None
Дурак 100 LVL , Михаил Кресо,"4,4",15,"3,0",1
Ник_ Ученик мага. Стихийник. Админ , Анджей Ясинский,"4,4",22,"5,0",1
Русские частушки , Сборник,"4,0",13,None,None
Тестировщик миров , Алиса Перемолотова & Владимир Перемолотов,"2,7",14,"5,0",1
Легендарный Лунный Скульптор. Книга 35. , Нам Хи Сон,"4,0",2823,"4,1",2716
Квазар. Доминантная особь. , Антон Тутынин,"5,0",3,None,None
Истребитель 3_ Зооморф , Иван Шаман,"4,2",261,"5,0",3
Сердце Дракона. Том 11 (СИ) , Кирилл Сергеевич Клеванский,"4,8",101,"4,7",237
Дни и ночи. Двадцать дней без войны , Константин Михайлович Симонов,"4,7",56,"4,6",91
Эфир , Константин Читатель,"4,4",35,None,None
Белые ночи (сборник) , Федор Михайлович Достоевский,0,оценить,None,None
Попрыгунчик. Путь воина. , Алексей Николаевич Калинин,"3,1",29,"3,7",33
"Русь моя, жизнь моя… ", Александр Александрович Блок,"4,6",76,"4,7",31
Пять жизней читера , Артем Каменистый,"4,5",1550,"4,3",243
Заханд. Потомки , Алексей Владимирович Андриенко,"4,7",24,"3,4",3
Ярость бога , Дем Михайлов,"4,0",108,"3,8",51
Противостояние. Обретение мечты , Александр Валерьевич Тарасов,"4,6",1710,"4,5",7249
Вторая Жизнь. , Евгений Михайлович Холодов,"4,8",9823,"4,7",25 793
Игра на нервах , Денис Деев,"4,4",116,"3,9",8
Я , другой! ,"4,3",54,"3,5",6
Хенингский цикл , Генри Лайон Олди,"4,7",28,"4,4",326
Свободные Миры. Книга 4. Падение Змея , Анатолий Натанович Арсеньев,"4,2",50,"4,0",2
Геймер. Реал vs вирт , Виталий Егоренков,"4,7",429,"3,7",40
Автономный режим , Ник Трой,"4,5",6,"4,3",14
"Выбор, которого не было. ", Денис Юрьевич Петриков,"4,5",49,None,None
Игра Хаоса. Книга пятая , Алексей Свадковский,"4,4",110,"4,1",66
Ник. Чародей. Том 1 , Анджей Ясинский,"4,4",1600,"4,1",2013
Обретенная , Сергей Плотников,"4,3",60,"4,2",6
Пробуждение Крови , Алль Терр,"3,9",52,"3,7",11
Ник. Землянин. Том 1 , Анджей Ясинский,"4,4",1600,"4,1",2013
Одиночка. Акванавт , Константин Георгиевич Калбазов,"4,7",364,"4,3",216
n,o,t, ,f,o,u,n,d
Бретер на вес золота , Дмитрий Евдокимов,"4,6",130,"3,9",16
Эрта. Падение терратоса , Николай Побережник,"4,5",74,"4,2",14
Изгнанник. Дилогия , Виктор Марков,"4,8",463,"4,5",35
Файролл. Квадратура круга. Том 2 , Андрей Васильев,"4,8",965,"4,3",62
Терранец. Книга 2. Несбывшиеся надежды. , Алексей Садовский,"4,3",270,"4,0",20
Ступень 4. Наследники демиурга , Юрий Л Киселев,"3,7",14,None,None
Прислужник , Сонмониус,"3,4",3,None,None
Охотник 8. Величие… В чем оно_ , Хайдарали Усманов,"4,0",35,None,None
Трансформация , Валерий Старский,"4,2",128,"3,7",37
Туманность Андромеды (сборник) , Иван Антонович Ефремов,"4,9",19,"4,2",32
n,o,t, ,f,o,u,n,d
Уход в игру. Легкие деньги , Егор Михайлович Дрознес,"4,6",137,"4,5",7
Дан. Книга первая. , Хорт Игорь Анатольевич,"4,2",1352,"4,3",2102
Нулевая планета , Ерофей Трофимов,"4,6",550,"4,3",145
Заханд. Аннексии (СИ) , Алексей Владимирович Андриенко,"4,7",24,"3,4",3
Мрак_ Книга первая. Чёрная дьяволица , Бухой Дед,"4,4",32,"4,5",291
Княжна Тараканова и принцесса Владимирская (сборник) , Павел Иванович Мельников,"4,6",15,"4,3",4
Игра не для всех. 1941 , Даниил Сергеевич Калинин,"4,4",140,None,None
Стервятник. Книга вторая. Приключения начинаются , Kondor,"4,7",927,"4,7",262
Безграничье. Начало , Александер Юрьевич Ибрагимов,"4,3",37,"4,3",7
Войсковая разведка , Дмитрий Морозов,"4,4",46,"4,0",4
Легендарный Лунный Скульптор. Книга 31 , Нам Хи Сон,"4,0",2823,"4,1",2716
Звездный лорд. Том 4 , Александр Шаравар,"4,5",1177,"4,2",1826
Худший из миров. Книга 3 , Валерий Иванович Софроний,"4,3",193,"3,7",62
Сказка На Ночь I_ Перерождённый , Сергей Чернявский,"4,1",13,None,None
Игра в Игре. Том 1. Реальность , Омельянов Ярослав,"4,0",1,"4,5",4
СКАЙФАЙ рождение псиона , Алекс Нагорный,"4,3",20,None,None
Контакт. Вторжение , Никита Семин,"4,5",69,"4,3",756
Одиночка. Патриот , Константин Георгиевич Калбазов,"4,7",364,"4,3",216
Овелон , Алекс Каменев,"4,0",32,"2,8",4
Эксперт. Анклав Северный , Сергей Соколов,"4,6",1838,"4,4",2636
"Я, Есенин Сергей… ", Сергей Александрович Есенин,"4,6",76,"4,7",31
Путь Бога , Артем Дем,"5,0",1,None,None
Окраина. Дилогия , Игорь Александрович Гертов,"5,0",192,"4,0",17
Инвалид. Том первый , Рустам Панченко,"4,8",59,"4,5",98
Пушкин. Кюхля , Юрий Николаевич Тынянов,"4,6",761,"4,6",47
Лекарь , Юрий Корчевский,"4,3",25,None,None
Бог Дракон , Милослав Князев,"4,5",204,"3,8",64
Наследственная изменчивость , Гоблин MeXXanik,"4,6",23,None,None
Клан «Дятлы» на путях Хаоса , Павел Михайлович Пуничев,"4,7",37,"3,5",4
Попадос 2 , Sunmen,"4,1",33,None,None
Азартный мир. Том 3. Королевство , Дмитрий Хмурый,"4,4",14,None,None
Худший из миров. Книга 4. , Валерий Софроний,"4,3",193,"3,7",62
Нейрокомандор. Книга 1. Пси,Фактор,"3,9",86,None,None
Игра онлайн или реальность_ бесшумный убийца , Кун Лакрас Ракшас,"3,0",4,None,None
Царь зверей 7 , Антон Емельянов & Сергей Савинов,"4,5",93,None,None
Леший , Али Алиев & он же Леший,"4,8",32,"4,0",2
"Укради, заставь, убей, но реши. Или избавление от проблем ", Марина Андреева,"4,8",21,"2,7",9
Wildcard. Темная лошадка , Мари Лу,"4,5",15,"4,3",75
"Вы призвали не того_. (книга 7, том 3) ", Айтбаев Т,"4,5",102,"4,4",1934
Патрульный , Владимир Геннадьевич Поселягин,"4,7",1131,"4,3",592
Копай , убегай! ,"4,1",11,"1,0",1
Файролл. Право выбора , Андрей Васильев,"4,8",965,"4,3",62
Квазар. Демонический бог. Том 1,й,"5,0",3,None,None
Скидбладнир. Пути богов , Марк Геннадьевич Кузьмин,"4,6",77,"4,2",35
Эксплора 1. Прибытие , Максим Лагно,"4,3",12,"5,0",1
Царь зверей 6 , Антон Емельянов & Сергей Савинов,"4,6",97,"4,4",13
Орех. Океан и Коготь , Евгений Игоревич Широков,"4,5",5509,"4,4",1158
Рахнийские войны. Забытая империя книга 1 (СИ) , Д,"5,0",1,None,None
Князь Серебряный (сборник) , Алексей Константинович Толстой,"4,6",29,"4,4",2161
Борн. Удар. Мир Теллы 2. Чёрная Башня , Неизвестный,"4,8",4,"3,9",12
Я – другой! , 3 ,"4,4",29,"4,7",3
День решает все , Константин Николаевич Муравьев,"4,3",109,"3,9",57
История одного пета. Часть 2 , Алексей Калинин,"4,7",643,"4,3",105
"Игрок, забравшийся на вершину. Том 6 ", Дмитрий Михалек,"4,1",138,"3,3",80
Лето. Часть 1 [СИ] , Аноним Lazyrat,"4,7",2141,"4,4",1580
Целитель. Трилогия , Сергей Богдашов,"4,6",109,"2,7",3
Игра Мертвеца , Исаак Вайнберг,"4,4",15,"2,0",1
Записки из Мертвого дома. Рассказы , Федор Михайлович Достоевский,"4,7",794,"4,3",3187
Эволюция Кинга. Снежный минотавр , Тайниковский,"4,1",43,"3,5",14
Барон Серж де Сангре. Книга 2 , Ринат Камильевич Назипов,"4,5",174,"4,3",37
Звезды во мраке , Владимир Лосев,"4,0",8,"4,6",5
Чертоги. Начало пути. , Андрей Лост,"4,6",2752,"4,4",1366
Альбом второй. Бард Мрака [СИ] , Гедеон,"5,0",5,"4,0",4
Быть Ии. Общий файл. , Власов Иван Юрьевич,"5,0",1,"4,0",1
Ассасин , Дмитрий Кружевский,"4,4",22,None,None
ВИКС. Ключник , Сергей Григорьевич Зайцев,"4,8",135,"5,0",1
Папилио. Решение Уравнителя , Эолия Шейнберг,"4,4",6363,"4,1",3308
Нейрокомандор. Книга 2. Пси,Фактор,"3,9",86,None,None
Земные дороги , Юрий Корнеев,"3,6",281,"3,2",10
Подкидной в далёкой галактике. Дилогия , Малик Маркин,"4,5",9,None,None
Технарь , Владимир Викторович Кунин,"4,0",74,"3,5",6
Сердце Альтиндора. Дилогия (СИ) , Крис Кельм,"4,7",465,"4,4",254
Анархия упадка. Отсев , Лаэндэл,"4,4",43,"3,5",8
Клан _Дятлов_ или Робинзоны виртуала , Павел Пуничев,"4,7",53,"3,9",7
Линия Грёз , Сергей Васильевич Лукьяненко,"4,2",23,"3,0",1
Чувство долга [рассказ] , Дмитрий Рус,"4,0",108,"3,8",51
Тимкиллеры. В.А.А.Р.А. Блог старого друга , Александр Нагорный,"4,3",96,"4,1",138
Анна Каренина , Лев Николаевич Толстой,"4,9",1171,"4,7",16 803
Новое Начало. Книга Третья , Алексей Анонимов,"4,4",327,"4,6",110
Свободные миры. Игра змея , Анатолий Натанович Арсеньев,"4,2",50,"4,0",2
Атака Роя , Вячеслав Кумин,"4,0",73,None,None
Сотворенный. Том 2. , Тай Мураз,"5,0",7,"3,5",2
Кондотьер , Макс Мах,"4,6",30,"3,3",4
Выжить любой ценой , Тим Волков,"4,4",14,None,None
Наказан играть – 2 , Евгений Александрович Осьминожкин,"4,3",36,None,None
Технарь_ Позывной «Технарь». Крот. Бессмертный палач императора , Константин Николаевич Муравьев,"4,3",223,"5,0",3
Некромант из криокамеры , Владимир Кощеев,"4,6",254,"4,3",13
Эволюция Кинга. Маунтволкер(I) , Тайниковский,"4,1",43,"3,5",14
PSO 1. Первый Уровень , Нил Алмазов,"3,5",8,None,None
Божественный призыв. Том 1. , Василий Вермолёк,"4,5",7,"4,2",137
Возвращение Матери Драконов , Андрей Вичурин,"5,0",1,None,None
Глубина , Андрей Борисович Земляной,"3,0",32,None,None
Фантастический боевик. Канцлер. Книга первая , Валерий Шалдин,"4,8",358,"5,0",1
Паладин мятежного бога , Милослав Князев,"4,2",73,"3,1",13
Гонг и чаша , Андрей Васильев,"4,8",1017,"4,1",233
Полигон. Санитары Лимба , Юрий Александрович Уленгов,"4,8",467,"4,0",4
Хроники _Илькоры__ Чертоги Мертвых , Тайниковский,"4,6",79,None,None
Делирий 2. Печать крови , Ткачев Сергей,"4,3",8182,"4,2",3569
Царь зверей. Книга 4 , Антон Емельянов & Сергей Савинов,"4,6",97,"4,4",13
Безграничный мир. Высший. , S1,"4,3",255,"3,7",68
Египтянка. Боги Кемета. 1 Книга , Ольга Смышляева,0,оценить,None,None
Искры тьмы. Часть 2. , Зверев Павел,"4,5",85,"4,4",130
Черная луна , Макс Мах,"3,9",8,"4,5",2
По дороге могущества. Книга вторая_ Лимрак. , Алан Нукланд,"4,7",46,"4,2",6
Сердце Дракона. Том 10 (СИ) , Кирилл Сергеевич Клеванский,"4,8",101,"4,7",237
Геймер. Реальная Виртуальность. (Серия Аватар) , noslnosl,"4,7",429,"3,7",40
Башмачник , Джон Голд,"4,7",18,None,None
Ёрик Not Dead , Влад Непальский,"3,0",1,None,None
Феникс. Часть 1 , Тихий Алексей,"4,8",269,"4,5",205
Охотник. На войне как на войне! , Хайдарали Усманов,"4,4",989,"4,0",1992
Сен. Возврат , Илья Александрович Арсёнов,"4,4",7402,"4,4",7879
По дороге могущества. Возрождение (СИ) , Алан Нукланд,"4,7",46,"4,2",6
Далёкие миры. Дилогия (СИ) , Алексей Скляренко,"3,6",428,"4,0",2
КвазаРазмерность. Книга 7 , Виталий Вавикин,"4,5",58,"4,5",4764
Технический специалист. Дилогия , Алексей Стародубов,0,оценить,None,None
Инвалид. Том второй , Рустам Панченко,"4,8",59,"4,5",98
Артефактор. Том первый , Александр Шаравар,"4,4",28,"3,6",5
Суррогат Героя. Том II [СИ] , Алескандр Зайцев,"4,8",14,"4,6",15
Командир , Владимир Поселягин,"4,5",163,"4,2",24
Возвращение. Майнкрафт. Книга 2 , Дмитрий Басов,"4,7",943,"4,5",766
Мусорщик , Владимир Геннадьевич Поселягин,"4,0",96,"3,4",13
Горизонты развития. Траппер , Демьянов Александр,"3,9",7,None,None
Не герой. Том 2 , Леонид Антонов,"3,9",31,"4,0",60
Мир измененных. Книга 3_ Воплощенный ноа , Василий Михайлович Маханенко,"4,1",31,"3,0",4
КвазаРазмерность. Книга 6 , Виталий Вавикин,"4,5",58,"4,5",4764
Нойоны. Черный дождь , Александр Юрьевич Бауров,"3,6",9,None,None
Остров судьбы , Игорь Нокс,"4,6",70,"4,4",5
Проклятое дитя. Том 1 часть первая , Олег Митрофанов,"4,0",1645,"3,4",13 086
Ездовой гном. Возрождение , Михаил Владимирович Уткин,"4,6",97,"4,4",13
Альфа,один ,"4,0",72,"3,8",14
Волшебство не вызывает привыкания , 2 ,"4,8",66,None,None
"Герой должен быть один. Одиссей, сын Лаэрта_ [романы] ", Генри Лайон Олди,"4,9",206,"4,6",1737
Чтения и рассказы по истории России , Сергей Михайлович Соловьев,"5,0",1,None,None
Туман войны , Алексей Бобл,"3,6",29,"3,4",22
Час Быка , Иван Антонович Ефремов,"5,0",1,None,None
Крутой маршрут , Евгения Гинзбург,"4,8",732,"4,8",2766
Удар. Заражённые рудники , Иван Борн,"4,6",295,"4,2",122
На пороге мира , Михаил Француз,"4,4",151,"3,9",8
"Вы призвали не того_. (книга 8, том 2) ", Айтбаев Т,"4,5",102,"4,4",1934
Нас здесь не было. Золотой код , Олег Здрав,"4,0",27,"4,2",15
Я есть Глюк , Дмитрий Леший,"4,9",9,None,None
Зверолов. В поисках богини Темиды , Степан Тырченков,"4,0",33,"4,3",56
Назипов. Гладиатор. Тетралогия , Quick online converter,"4,5",466,"4,3",4
Леший. Все дороги идут в Рим , Алексей Стародубов,"4,2",242,"5,0",3
Реальные короли. Рейд , Альтс Геймер,"4,5",4,None,None
Видящий. Небо на плечах [СИ] , Алексей Анатольевич Федорочев,"4,6",1273,"4,1",145
Книга первая. Атака , Николай Башилов,"4,4",728,"4,3",890
Путь Шамана. Начало Пути , Василий Маханенко,"4,7",854,"4,3",376
Саир. Начало пути , Александр Михайлович Андреев (ЗАК),"5,0",1,None,None
Стеллар. Инкарнатор , Роман Прокофьев,"4,9",124,"4,3",12
Спираль истории. Заморские ландскнехты , Сергей Симонов,"4,9",59,"5,0",9
Горизонты развития. Адепт , Александр Демьянов,"3,9",7,None,None
Спаситель веры. Продолжение пути , Виктор Казначеев,0,оценить,None,None
Следы Сиятельного. Книга вторая. Белоцветье. , Джон Голд,"4,6",45,"4,5",2
Прометей. Вторая попытка , Коржик Сергей Иванович,"4,7",42,"3,8",7
Главное задание , Андрей Астахов,"4,3",25,"3,7",26
Повелитель 2. Новый мир (СИ) , Александр Иванович Седых,"4,7",44,None,None
Преодолевая барьеры , Анджей Ясинский,"4,7",148,"4,1",46
Гладиатор поневоле , Евгений Щепетнов,"4,1",191,"3,5",27
Не время для Реала. Книга 1. Уже не Игра , Тарас Сергеевич Асачёв,"4,2",50,"4,4",10
Назипов. Гладиатор. Книга 5 , Неизвестный,"4,5",466,"4,3",4
Дровосек. Волшебный мир «Табеллы» , Михаил Михайлович Михайлов,"4,6",128,"4,7",3050
Державный плотник , Даниил Лукич Мордовцев,"5,0",1,"4,5",4
Болтун. Книга первая , Стефан Барковский,"4,2",3280,"3,0",81
Воплощенный в Камне. Книга 2 , Алексей Владимирович Тихий,"4,8",19,None,None
Уровни Мидгарда , Альтс Геймер,"3,8",20,"3,7",6
Легендарный Лунный Скульптор. Книга 20 , Нам Хи Сон,"4,0",2823,"4,1",2716
Вы призвали не того_. Книга 7. Том 1 [СИ] , Тимур Аскарович Айтбаев,"4,5",102,"4,4",1934
Свободные миры. Власть Игры (СИ) , Анатолий Натанович Арсеньев,"4,2",50,"4,0",2
Неучтенный_ Неучтенный. Сектор «Ноль». Неизвестный с «Дракара» , Константин Николаевич Муравьев,"4,3",363,"3,6",57
Преторианец. Жестокие звезды (СИ) , Д К Баймышев,"4,1",46,"4,0",6
Дикие земли. Шарп (СИ) , Владимир Сергеевич Василенко,"4,2",318,"3,7",31
Новый мир. Цель , Выжить! (СИ) ,"4,5",2165,"4,2",299
Астральный Охотник , Роман Прокофьев,"4,7",152,None,None
Класс_ Сталкер , Дан Лебэл,"4,5",30,"3,3",22
Сборник _Записки охотника_ , Иван Сергеевич Тургенев,"4,0",9,None,None
Жестокая игра. Книга 5. Древние боги. Том 2 , Павел Борисович Коршунов,"4,7",492,"4,5",2
Тихий Дон. Том 1 , Михаил Александрович Шолохов,"4,7",1136,"4,3",8833
Три медведя и легион зомби , Дмитрий Рус,"3,8",70,"3,9",18
Level Up. Женский взгляд , Валерия Корносенко,"4,3",24,"4,6",29
Я есть игра! #2 Мое имя Лациф. , Wisinkala,"4,7",192,"4,3",13
В ту же реку , Николай Дронт,"4,4",261,"4,1",26
Игра в жизни , Джеймс Дашнер,"4,6",501,"4,3",10 026
Испытание , 1,"5,0",13,None,None
Новое Начало. Книга Первая (СИ) , Алексей Анонимов,"4,4",327,"4,6",110
Перешагнуть пропасть_ Перешагнуть пропасть. День решает все. Шаг в бездну. Враг за спиной. , Константин Николаевич Муравьев,"4,3",109,"3,9",57
Былое и думы , Александр Иванович Герцен,0,оценить,None,None
Монстр 5. Амулет Мастеров , Сергей Бельский,"4,3",2248,"3,5",23
Лунный скульптор. Книга 12 , Нам Хи Сон,"5,0",282,"4,4",41
Посмотри в глаза чудовищ. Гиперборейская чума , Simon de Monfor,"4,0",11,"4,0",61
Беглецы. Хроноворот , Виктория Гетто,"4,7",31,"4,8",74
Скидбладнир. Осколки Забытой эпохи , Марк Геннадьевич Кузьмин,"4,6",77,"4,2",35
Тени Скарлайга , Влад Поляков,"4,1",50,"4,0",11
Последний храм 5. Слово Старших , Арт Богданов,0,оценить,None,None
Восстание мертвых , Джефф Нортон,"4,7",6,"3,2",14
Великие Миры. Трилогия (СИ) , Руслан Юрьевич Первушин,"4,6",1189,"4,6",262
Игра на нервах 3 , Денис Деев,"4,3",53,"4,0",4
Перерождение. Новые земли , Виолетта Цепеш & Александр Шипилов,"4,7",722,"4,1",33
Господство Тления , Элиан Тарс,"4,7",158,"4,2",16
"Похоже, я доигрался. Том Первый ", Николай Новиков,"4,8",232,None,None
Жрец. Свиток первый [СИ] , Иван Алексеевич Снежный,"4,3",4,"4,3",8
Шаг в бездну , Константин Николаевич Муравьев,"4,3",109,"3,9",57
Путь к трону. Шаг первый , Александр А,"4,5",42,"3,1",11
Том Джоу , Владимир Ильин,"4,3",128,"3,8",24
Гражданин Преисподней. Дисбат , Юрий Брайдер & Николай Чадович,"4,6",27 084,"4,6",17 815
ГоТМ. Книга 2 , Вячеслав Васильев & Денис Росс,"4,0",17,None,None
Цифровой апокалипсис. Том,1 ошибка системы ,0,оценить,"5,0",1
КвазаРазмерность. Книга 1 , Виталий Вавикин,"4,5",58,"4,5",4764
Проклятие Первого Десмода , Андрей Вичурин,"5,0",2,None,None
Бездна. Хроники другого мира , Александр Нагорный,"4,4",1236,"4,2",1402
Голос среди пуль , Татьяна Тюрина,"4,8",1651,"4,6",8382
Эволюция 2. Стая , Иван Владимирович Магазинников,"4,3",1118,"4,3",2085
Одиночка. Охотник за головами , Константин Георгиевич Калбазов,"4,7",364,"4,3",216
Чужая планета , Евгений Гуляковский,"4,7",89,"4,1",49
Путь воина. Восхождение , Александр Андреевич Войкин,"4,6",611,"4,4",50
Иванов. Терра. Мир войны 2. Рыцарь , Неизвестный,"4,7",966,"4,6",1939
Афоризмы и мысли об истории , Василий Осипович Ключевский,"4,5",8,"4,0",1
Уровни реальности , Антон Емельянов & Сергей Савинов,"4,6",74,"3,8",17
Чужими тропами , Андрей Петров,"3,4",29,"1,8",4
Конец Распутина. Мемуары , Феликс Юсупов,"4,1",85,"4,5",6
Ездовой гном. Сила , Михаил Владимирович Уткин,"4,6",97,"4,4",13
Горизонты развития. Нуб , Александр Демьянов,"3,9",7,None,None
Океанский патруль. Том 2 , Валентин Саввич Пикуль,"4,5",42,None,None
Алхимик , Алекс Каменев,"4,2",58,None,None
Я – другой 4 , Денис Деев,"4,7",28,"4,5",2
Рандом. Дилогия , Silvan,"4,6",338,"4,0",302
Reality. Начало пути , Андрей Александрович Павлов,"4,5",4,None,None
Рарог. Мир Теллуры , Даниил Конюченко,"2,0",1,None,None
Проект Данте. Врата Ада , Сергей Извольский,"4,5",1550,"4,3",243
Выбор великого демона , Георгий Смородинский,"4,7",589,"4,4",114
Скрижаль Невозможности. Дилогия , Михаил Мэйдж,"4,0",185,"3,7",6
Осознание , Дмитрий Султанов,"4,0",86,"3,0",4
Ник. Чародей. Том 2 , Анджей Ясинский,"4,4",1600,"4,1",2013
"Играть, чтобы жить. Книги 1",7 ,"4,8",1076,"4,5",1058
Три данжа , Серж Винтеркей,"4,8",1624,"4,1",47
МагоИскин. Том 3 , Евгений Хван,"4,4",83,"3,8",11
Сотворенный. Том 1. , Тай Мураз,"5,0",7,"3,5",2
Ник. Землянин. Том 2 , Анджей Ясинский,"4,4",1600,"4,1",2013
Колонизация. Творцы истории. , Торк Вемада,"4,4",73,None,None
Скрижаль невозможности. Рождение ассасина , Михаил Мэйдж,"4,0",185,"3,7",6
Император по случаю. Книга первая , Юрий Николаевич Москаленко,"3,9",269,"3,5",2
Париж интимный (сборник) , Александр Иванович Куприн,"4,4",13,"4,2",16
Трибут , Роман Прокофьев,"4,9",738,"4,6",69
Преторианец. Жестокие звезды Книга 2 , Д,"4,1",46,"4,0",6
Проект Работяга , Алексей Осадчук,"4,7",617,"4,2",217
Тень хранителя , Алексей Байкалов,"4,0",34,"2,5",2
Хроники Мидгарда. Нуб детектед , Альтс Геймер,"3,8",20,"3,7",6
Демонический рубеж , Серж Винтеркей,"4,9",1239,"4,2",18
Притяжение , Евгений Катрич,"4,0",20,None,None
Землянин , Роман Валерьевич Злотников,"4,5",1017,"4,3",202
Восторжествовать над демоном , Ярослав Коваль,"4,3",7,None,None
Легенда нубятника , Серж Винтеркей,"4,7",1968,"4,1",60
Имперские кобры , Артур Иванович Прядильщик,"4,3",80,"3,2",9
Удар. Мир Теллы , Иван Мартынович Борн,"4,6",295,"4,2",122
Искажающие реальность. Фракция H13. Дилогия , Владимир Лушник,"4,8",577,"4,5",118
Наемник. Трилогия , Владимир Геннадьевич Поселягин,"3,9",205,"3,9",39
Зов Хайгарда_ акт 1 , Начало ,"2,4",5,None,None
Одиночка. Трилогия , Константин Калбазов,"4,7",364,"4,3",216
Сокровище троллей , Ольга Голотвина,"5,0",29,"4,7",119
Лицензия на геноцид. Дилогия (СИ) , Евгений Борисович Коваленко,"3,8",360,"3,4",25
Донские рассказы (сборник) , Михаил Александрович Шолохов,"4,9",9,"4,5",9
Солнце мертвых (сборник) , Иван Сергеевич Шмелев,"4,5",6,None,None
Скрижаль невозможности. Игра продолжается , Михаил Мэйдж,"4,0",185,"3,7",6
Хадар. Начало , Артем Дем,"4,8",58,"3,0",10
FERA. Апокалипсис_ Охотник , Константин Александрович Зайцев & Алексей Тихий,"4,2",9,None,None
Возвращение. Майнкрафт. Книга 1 (СИ) , Дмитрий Басов,"4,7",943,"4,5",766
Магам можно все , Марина Дяченко & Сергей Дяченко,"4,7",103,"4,5",66
Защита Периметра , Михаил Александрович Атаманов,"4,8",493,"4,4",209
Вселенная. 600 игрок. Один день из жизни снабжения. (СИ) , Марион,"4,5",409,"4,0",186
Дорога мечей , Алекс Кош,"4,7",364,"4,3",216
Прирожденный торгаш. В минусах , Олег Здрав,"4,8",944,"4,5",901
Квазар. Демонический бог. Том 2,й,"5,0",3,None,None
You N.P.C. , Станислав Энку,"3,0",4,None,None
Колдун Его Величества , Александр Долинин,"4,4",72,"3,8",17
Чип Блейза. Альфа , Элиан Тарс,"4,6",61,"3,7",3
Испытание жизнью. Часть 2. Драконьи нежности. , Юля Купцова,"5,0",1,None,None
Клан «Дятлы» выходит в Большой мир , Павел Михайлович Пуничев,"4,8",38,"3,5",4
За гранью реальности_ Охотник и Мелазиум , Александр Пасацкий,"3,4",3,None,None
Обломов , Иван Александрович Гончаров,"3,9",9,"3,8",90
Васса Железнова (Сборник) , Максим Горький,"3,8",8,"4,2",84
Планы Богов. Осколки личности (черновик) , Серый Даниил Денисович,"5,0",1,None,None
Целитель. Пусть этот мир прогнется под нас , Сергей Александрович Богдашов,"4,6",109,"2,7",3
"Вы призвали не того_. (книга 7, том 2) [СИ] ", Тимур Аскарович Айтбаев,"4,5",102,"4,4",1934
Проза (сборник) , Марина Ивановна Цветаева,"3,9",7,"3,9",15
"Игрок, забравшийся на вершину. Том 4. ", Leach23,"4,1",138,"3,3",80
Игра. Темный , Роман Пастырь,"4,6",3719,"4,7",23 922
Контакт. Игра , Никита Семин,"4,5",69,"4,3",756
Файролл. Сицилианская защита , Андрей Васильев,"4,8",965,"4,3",62
Барон , Алекс Каменев,"4,0",47,"5,0",1
Королевство Грез_ Великий Катаклизм , Кузьма Тайга,"4,6",26,None,None
Пенсия. Начало 1 , Константин Левашов,"4,2",29,"4,0",1
Некросы , Сергей Александрович Ли,"4,5",8,"5,0",1
Зверолов , Владимир Поселягин,"3,7",137,"5,0",1
СПАСАТЕЛИ ВЕЕРА , Василий Головачёв,"4,5",132,"4,2",182
Наемники. Смерть на Бетельгейзе (СИ) , Вик Декард,"4,7",302,"4,2",70
геймер,2,"4,4",77,"3,0",3
"Rising of the Shield Hero, The ", ANEKO Yusagi & Minami Seira,0,оценить,None,None
Посмотри в глаза Инферно , Влад Поляков,"3,8",34,"3,0",2
Империя. Врагов не будет! (СИ) , Леонид Васильевич Мешалкин,"4,4",1293,"4,2",5
"Похоже, вы доигрались. Том Второй ", Николай Михайлович Новиков,"4,9",192,None,None
Ненависть. Книга первая , Савельев Артём,"3,8",199,"4,0",40
Бродяга… С волками жить – по,волчьи выть! ,"3,9",66,None,None
Игра Джи. Последняя надежда , Сергей Анатольевич Савинов & Антон Дмитриевич Емельянов,"4,6",488,"4,5",9661
Враг за спиной , Константин Николаевич Муравьев,"4,3",109,"3,9",57
Дикарь. Часть 4. Игра чужаков , Хайдарали Усманов,"4,8",3955,"4,3",856
Путь Шамана. Все только начинается , Василий Михайлович Маханенко,"4,7",854,"4,3",376
Кроу. Суровые земли , Дем Михайлов,"4,4",159,"4,1",35
Игра под названием _ЖИЗНЬ_ , Илья Котов,"5,0",18,None,None
А я не верил в экстрасенсов. Дилогия , Игорь Леонидович Козырев,"4,4",53,"4,0",126
Дем Михайлов.Орбит Дерриано. Путь паладина. , Руслан Алексеевич Михайлов,"4,7",617,"4,3",359
Галактиона. Поиск ульдан , Василий Маханенко,"4,6",388,"4,0",113
Менталист. Эмансипация , Андрей Еслер,"4,5",118,"4,3",53
Игра Богов. Эпизод I , Сергей Байдюк,"4,8",35,"4,6",224
"Игрок, забравшийся на вершину. Том 5. ", Leach23,"4,1",138,"3,3",80
Элита. Повесть о космических пилотах , Сергей Савкин & Кирилл Злонский,"4,4",465,"4,2",9155
Карты судьбы 4. Слово лорда , Антон Емельянов & Сергей Сергей Савинов,"4,5",92,"4,6",13
Sword Art Online. Том 5 , Рэки Кавахара,"4,8",7281,"4,6",22 395
Защита Периметра. Игра без правил , Михаил Александрович Атаманов,"4,9",478,"4,5",153
Океанский патруль. Том 1 , Валентин Саввич Пикуль,"4,5",42,None,None
Бета,тестер,"4,2",101,"3,0",12
Перекресток миров. Книга первая. Метеор,Сити ,"4,6",39,"4,7",23
Шкуры из стали , Денис Владимиров,"4,3",79,"3,8",4
Опыт на продажу , Тимур Сабаев,"4,3",10,None,None
Академия , Сергей Юрьевич Михайлов,0,оценить,None,None
Реликт. Пояс Скорби , Андрей Дай,"4,3",91,"4,4",16
Демон Чернокнижник , Игорь Гергардович Гардер,"4,1",46,None,None
КвазаРазмерность. Книга 2 , Виталий Вавикин,"4,5",58,"4,5",4764
Ездовой Гном. Захребетье [СИ] , Михаил Владимирович Уткин,"4,6",97,"4,4",13
Гоночный Джокер. Старт , Константин Назимов,"3,8",31,None,None
Обитаемый остров , Аркадий Стругацкий & Борис Стругацкий,"4,8",544,"4,4",6754
Рахнийские войны. Вторжение Рахни книга 3 (СИ) , Д,"5,0",1,None,None
Тропа Шамана. Изгиб 6. Мы пойдём другим путём , Петр Сковорода,"4,3",10,None,None
Темное пламя , Владимир Переладов,"3,4",22,"2,6",29
Одно задание из_. (Воспоминания разведчика) , Димыч Дим,"4,8",5,None,None
По имени Феникс. Дилогия , Максим Грек (СИ),"5,0",1,None,None
Возвращение , Влад Поляков & Михаил Михайлов,"4,5",8,None,None
Демон Разума , Иван Шаман,"3,8",353,"4,6",7
Level Up. Нокаут , Данияр Саматович Сугралинов & Максим Александрович Лагно,"4,3",24,"4,6",29
Перешагнуть пропасть , Константин Николаевич Муравьев,"4,3",109,"3,9",57
Муравьиная Ферма. Книга Первая. , Рома Власов,"5,0",3,"2,0",1
Дитё. Посредник , Владимир Геннадьевич Поселягин,"3,8",131,"3,4",43
Михайлов. Стервятник. Книга 1 , Master,"5,0",1205,None,None
Замок волшебника. Книга 2. Часть 1 , Кирилл Коваль,"5,0",9,None,None
Временщик , Дмитрий Билик,"4,8",374,"4,3",61
Проклятие нуба , Серж Винтеркей,"4,9",1259,"4,3",22
Затерянные среди звёзд , Александр Анатольевич Берг,"4,7",1131,"4,3",592
Мир Царя зверей. На полную мощность , Антон Емельянов & Сергей Савинов,"4,4",21,None,None
Катарсис. Том 2 , Василий Головачёв,"3,8",67,"2,4",5
Жестокая игра. Смерть , Павел Коршунов,"4,7",492,"4,5",2
Зависть (сборник) , Юрий Карлович Олеша,"4,0",13,"4,0",114
СКАЙРОК. Воздаяние паранормов , Алекс Нагорный,"3,3",87,"5,0",1
Возвращение домой , Милослав Князев,"4,3",167,"4,0",42
Конвойник , Виктория Гетто,"4,5",107,"3,5",13
Письма русского путешественника , Николай Михайлович Карамзин,"4,2",55,None,None
Война Ассасина , Андрей Лавин,"4,2",202,"3,5",39
Последний Выживший. Том 2 , Грек Максим,"2,7",8,"1,0",2
Пыльца , Джефф Нун,"4,6",15,"4,3",599
Церковно,народный месяцеслов на Руси ,"4,7",3,None,None
Наследник 3. , Ринат Камильевич Назипов,"5,0",1,None,None
Файролл. Два огня , Андрей Васильев,"4,8",965,"4,3",62
Серый , Константин Николаевич Муравьев,"4,5",206,"3,9",84
Попадос,5 ,"4,1",29,None,None
Игра 2. Шаг назад. , Игорь Даждев,"4,6",488,"4,5",9661
Астральщик. Том 1 , Анджей Ясинский,"4,5",236,"4,4",143
Город древних , Константин Николаевич Муравьев,"4,3",109,"3,9",57
Игра теней , Николай Трой,"4,4",60,"3,6",37
Дело Черного Мага. Том 2 , Кирилл Сергеевич Клеванский,"4,5",85,"4,3",10
Многорукий бог Далайна. Свет в окошке , Святослав Логинов,"4,9",186,"4,5",76
Монстр 2. Улей , Сергей Бельский,"4,7",172,"4,3",16
Охота на ликвидатора , Сергей Раткевич,0,оценить,"4,3",9
Битва за Порог. Тяж [СИ] , Павел Вяч,"4,4",15,"4,7",3
Скайвэй , Алекс Нагорный,"3,6",196,None,None
Мир измененных. Книга 1_ Без права на ошибку , Василий Маханенко,"4,1",31,"3,0",4
Исход_ Шаг первый. , Виталий,0,оценить,None,None
Мир Катаклизма. Новый цвет магии , Антон Огнев,"4,0",7,"4,4",75
ОРИЯ , Андрей Валентинов,"5,0",13,"4,7",12
Боевой Жрец. Безумный легион , Алексей Александров,"4,8",20,None,None
Реинкарнация 3. Осколки Души_ Гарри не Поттер. , Ligarael,0,оценить,None,None
Свой замок , Милослав Князев,"4,5",237,"4,0",90
Мертвяк и снайпер , Антон Емельянов & Сергей Савинов,"4,5",34,"3,7",6
Тактик , Али Алиев,"4,5",9,None,None
Худший из миров. Книга 2 , Валерий Иванович Софроний,"4,3",193,"3,7",62
Конструирующий , Павел Абсолют,"4,4",80,"4,4",3
Игра Мисания. Рождение Клана , Виталий Павлович Ильченко,"4,6",1970,"4,2",338
Инженер,лейтенант ,"3,6",281,"3,2",10
Мрачность _1 , Элиан Тарс,"4,6",478,"4,0",33
"Мне нравится, что Вы больны не мной… (сборник) ", Марина Ивановна Цветаева,"4,6",76,"4,7",31
Выбраковка. Ночной смотрящий , Олег Дивов,"4,6",113,"4,3",149
Эрта_ Армия Акана , Николай Побережник,"4,5",74,"4,2",14
Апатрид. Книга 1 , Евгений Борисович Коваленко,"4,0",3,None,None
Иеремия Симсон. Охотник на человеков , Тимур Сабаев,"4,4",3,None,None
Война и мир. Книга 1 , Лев Николаевич Толстой,"4,2",271,"4,3",3080
Танатос. МТА , Владимир Атомный,"4,1",54,"3,9",438
Божий промысел. , Сергей Георгиевич Обатуров,"4,4",1178,"4,5",634
Царь зверей 8. Пробуждение , Антон Емельянов & Сергей Савинов,"4,8",145,"4,0",2
Персонаж , Дмитрий Морозов,"4,3",10,None,None
Флаг,офицер,"3,0",2,"5,0",1
Петербургские трущобы. Том 2 , Всеволод Владимирович Крестовский,"4,7",149,"4,3",305
Княжий пир , Юрий Никитин,"4,4",13,"4,2",59
Охота на Паука , Сергей Возный,"5,0",2,None,None
Репродукты Хаоса , Дан Лебэл,"4,5",85,None,None
Перерожденные и иже с ними. Становление. Книга вторая. Часть 1 , Евгений Синтезов,"3,9",130,None,None
Попадос , Sunmen,"4,1",40,"5,0",1
Император по случаю. Книга вторая , Юрий Николаевич Москаленко,"3,9",269,"3,5",2
Третий не лишний , Степан Кулик,"4,6",17,"3,0",3
Рахнийские войны. Привет из прошлого книга 2 (СИ) , Д,"5,0",1,None,None
Sword Art Online. Том 12 , Алисизация_ восхождение ,"4,8",7281,"4,6",22 395
Вы призвали не того_. Книга 3 , Тимур Аскарович Айтбаев,"4,5",102,"4,4",1934
Братство. Крест и клинок , Александр Нежинский,"3,9",168,"3,5",1119
Восемь секунд удачи , Артем Каменистый,"4,6",1027,"4,4",195
Игры Сильных. Акт I_ Исключение , Дмитрий Ярый,0,оценить,None,None
Далекие миры. Император по случаю. Книга пятая. Часть вторая , Юрий Николаевич Москаленко,"3,6",428,"4,0",2
Плаха , Чингиз Айтматов,"4,7",365,"4,5",2666
Новая жизнь , Дмитрий Серебряков,"4,0",91,"3,8",4
Мир Побед , Андрей Дмитриев,"4,6",76,"4,7",31
Ловец человеков (сборник) , Евгений Иванович Замятин,"4,2",187,"4,4",140
Дилер реальности , Николас Димитров,"4,8",659,"3,9",157
Замок волшебника. Книга 2. Часть 2 , Кирилл Коваль,"5,0",9,None,None
Волчья стая , Вячеслав Кумин,"3,4",9,"4,0",1
Судьба клана , Дем Михайлов,"4,7",344,"4,5",502
Дуэт. Стать светом [СИ] , Рэм Базов,"4,5",46,"4,3",684
Баня. Клоп (сборник) , Владимир Владимирович Маяковский,"4,0",13,None,None
Стрелок , Алексей,"4,8",7,None,None
Пионеры Лиадиды , Арт Богданов,"3,9",8,"4,0",4
Черные флаги Архипелага , Андрей Васильев,"4,8",975,"4,1",203
Лунный скульптор. Книга 16 , Нам Хи Сон,"5,0",282,"4,4",41
КвазаРазмерность. Книга 5 , Виталий Вавикин,"4,5",58,"4,5",4764
Аш , Вадим Львов,"4,5",807,"4,2",131
Сокрытый Легион Книга 3 , Михаил Усачев,"4,6",15,"5,0",1
Одиссей покидает Итаку. Бульдоги под ковром , Василий Звягинцев,"4,2",84,"4,3",194
Демон Разума 3_ Царство света , Иван Шаман,"4,1",233,"3,5",2
Когда взойдет Северная звезда , Андрей Акулов,"3,8",5,None,None
Искажающие реальность. Фракция H13 , Владимир Лушник,"4,8",577,"4,5",118
Иностранец. Становление , Игорь Витальевич Шелег,"4,6",9,None,None
Исход , Виктория Гетто & Александр Михайлович Авраменко,"3,9",65,"3,2",7
Галактика онлайн. Том 1 (СИ) , Павел Борисович Коршунов,"4,4",173,None,None
Эфир. Книга первая , АриТорв,"4,8",1927,"4,6",1113
"Век мой, зверь мой (сборник) ", Осип Эмильевич Мандельштам,"4,6",76,"4,7",31
Земли меча и магии. Паладин , Андрей Петров,"3,9",8,None,None
Проект Земля. Триггер , Михаил Диаминов,"4,5",37,None,None
Дон 3. Клан , Владимир Отчество Поселягин,"2,0",1,None,None
Стать сильнее. Новая Сага 3 , Масаюки Абэ & Рюта Фусе,"4,4",91,"4,1",157
Кто виноват_ (сборник) , Александр Иванович Герцен,0,оценить,"4,0",174
Охотник. Сюрприз… Да здравствует сюрприз! , Хайдарали Мирзоевич Усманов,"4,4",989,"4,0",1992
Династия Лохов , Сергей Кронидов,"3,9",17,None,None
Легкое дыхание , Иван Алексеевич Бунин,"4,8",224,"4,2",15
Новая жизнь. Возрождение , Алексей Чтец,"4,8",2168,"4,3",1117
Игра Кота. Книга 1 , Роман Прокофьев,"4,8",621,"4,3",94
Легендарный Лунный Скульптор. Книга 41 , Нам Хи Сон,"4,0",2823,"4,1",2716
Я здесь остаюсь_. (СИ) , Вик Форчунов,"3,4",8,"4,0",1
Новый Мир. Другой взгляд (часть I) , Неизвестный,"4,5",2165,"4,2",299
Волк. Решение , Виктория Гетто & Александр Михайлович Авраменко,"4,8",888,"4,5",6762
Утопия , Марина Дяченко & Сергей Дяченко,"4,6",146,"4,2",533
Мастер клинков. Начало пути , Дмитрий Викторович Распопов,"4,1",273,"3,9",65
Потерянный игрок , Милослав Князев,"4,3",225,"3,8",80
Хроники Игрока. Однокрылый , Александр Шапочкин,"4,3",75,"3,1",14
Болтун. Книга вторая , Стефан Барковский,"4,2",3280,"3,0",81
Временщики и фаворитки , Кондратий Биркин,"4,7",3,"4,4",6
Звездный странник,2,"2,0",3,None,None
Бублики. 9 , Прочерк Игорь Анатольевич,"4,8",103,"4,8",303
Байт II. Блуждающие лабиринты Гиннунгагапа. , Андрей Вичурин,"5,0",2,None,None
Воля хаоса , Юрий Кварц,"4,4",208,"3,8",11
Сокрытый Легион Книга 2 , Михаил Усачев,"4,4",15,"5,0",1
Узники игры , Алексей Вязовский,"3,3",41,"3,1",24
"Гори, гори, моя звезда! ", Коллектив авторов,0,оценить,None,None
Сорняк , Андрей Буянов,"4,5",80,"3,9",6
Тень Джоре , Сергей Рейнов,"4,3",191,"3,7",21
Первому игроку приготовиться , Эрнест Клайн,"4,4",2239,"4,2",5054
Рейдер , Андрей Буянов,"4,7",361,"3,9",8
"Игра на жизнь, или Приключения эльфийки. Часть Первая ", Эльвира Осетина,"4,5",46,"4,5",4
Испытание жизнью. Часть 3. Война , Юля Купцова,"5,0",1,None,None
Вы призвали не того_. Книга 5 , Тимур Аскарович Айтбаев,"4,5",102,"4,4",1934
Воля к жизни. Начало. , Ивашинников Евгений,"4,5",17,"4,5",30
Живая игра_ P.A.R.A.D.O.X. , Андрей Сергеевцев,"3,8",12,"4,2",924
Фортификатор. Скаут (СИ) , Дмитрий Билик,"3,6",86,"3,5",16
Стужа , Василь Быков,"5,0",10,"4,6",10
Рихтовщик. Пешка в чужой игре , Гришанин Дмитрий,"3,9",23,"4,0",1
Пангея. Том 2 , Павел Петкевич,"4,4",41,None,None
Ярл , Валерий Пылаев,"4,7",69,"4,5",2
Макс Вольф_ Рекрут. Наемник. Офицер. Барон , Алекс Каменев,"4,1",322,"3,4",22
На чужих рубежах. Конкуренция , Александр Игоревич Шапочкин,"4,3",1560,"4,4",245
Замок по вызову. Часть 1. Наследие Древних , Марина Владимировна Бахарева,"3,9",32,"3,6",12
Цель , превосходство ,"4,5",32,"4,0",16
Кей Дач [сборник; litres] , Сергей Васильевич Лукьяненко,"4,7",381,"4,4",2175
Ген геймера , Алексей Фёдоров,"4,5",4,None,None
Наследие. Книга вторая. Беглец , Вадим Матюшин,"4,7",759,"4,4",785
Королевский турнир. Часть первая , Тайниковский,"4,2",21,"3,8",5
Сердце Дракона. Том 14 , Кирилл Клеванский,"4,8",101,"4,7",237
Когда пал Херсонес. Анна Ярославна , королева Франции ,"5,0",2,"4,4",3
"Игрок, забравшийся на вершину. Том 2. [СИ] ", Дмитрий Владимирович Михалек,"4,1",138,"3,3",80
Легендарный Лунный Скульптор. Книга 14 , Хи Сон Нам,"4,0",2823,"4,1",2716
Играет чемпион 2 , Антон Емельянов Сергей Савинов,"4,6",104,"4,0",32
Скоморошины , Сборник,"4,5",8,None,None
Шахматы богов 2 , Заговор отверженных ,"4,8",62,None,None
Перевертыш. Часть 3 , Владимир Александрович Гаркавый,"3,9",138,"3,8",4
Галактиона. Чек на миллиард , Василий Маханенко ,"4,6",388,"4,0",113
Специалист , Сергей Залевский,"2,0",45,None,None
На дне. Избранное (сборник) , Максим Горький,"4,5",3427,"4,1",51
Стальная роза , Елена Горелик,"4,7",13,"3,7",21
Властитель Мертвых , Владислав Андреевич Бобков,"4,1",22,"3,0",2
Дикий лейтенант (СИ) , Игорь Александрович Гертов,"4,3",4828,"4,3",4729
В Крыму (сборник) , Александр Иванович Куприн,"4,4",6,"4,6",14
Игра Джи. Тайное становится явным , Сергей Анатольевич Савинов & Антон Дмитриевич Емельянов,"4,6",488,"4,5",9661
Воин. Рождение , Георгеус,"4,7",799,"3,6",21
Фрактал. Четыре демона. Том 1. , Арчи Вар,"4,3",229,"5,0",1
Универсал. Часть первая (СИ) , Иван Шаман,"4,6",1096,"4,5",225
Поступь инферно , Карина Вран,"4,7",43,"4,0",22
Чужие звезды , Алекс Каменев,"4,1",139,"3,0",6
Хмарь. Солдат удачи , Николай Соколов,"4,2",11,"5,0",1
Видящий , Валерий Пылаев,"5,0",64,"4,2",26
Пангея. Том 1 , Павел Петкевич,"4,4",41,None,None
Рахнийские войны. Скажем смерти нет книга 4 (СИ) , Д,"5,0",1,None,None
Дитё. Страж , Владимир Геннадьевич Поселягин,"3,8",131,"3,4",43
Темный друид. Становление (СИ) , Константин Александрович Зайцев,"3,0",4,"3,0",1
Псих. Пенталогия , Дед Маздай,"4,4",1318,"4,5",3622
Система возвышения. Второй том. Часть 2 , Николай Раздоров,"5,0",1,None,None
Инженер с Земли , Алексей Константинович Чижовский,"4,6",112,"4,3",500
Капрал , Алексей,"4,6",176,"3,9",84
Пепел на обелиске , Ерофей Трофимов,"4,3",85,"3,6",24
Проклятое дитя. Том 2 часть первая , Олег Митрофанов,"4,0",1645,"3,4",13 086
Файролл. Снисхождение. Том 2 , Андрей Васильев,"4,8",965,"4,3",62
Гильдия. (Том 5) , Евгений Бергер,"4,5",522,"4,3",160
Жизнь Арсеньева. Юность , Иван Алексеевич Бунин,"4,5",35,"4,3",23
Петр Первый , Алексей Николаевич Толстой,"4,9",20,"4,7",6
Хроники игрока. Ортен , Александр Игоревич Шапочкин,"4,3",75,"3,1",14
Последний первый квест. Расставляя многоточия , Ольмар Эштон,"4,8",89,"4,8",57
Крот , Константин Николаевич Муравьёв,"4,3",223,"5,0",3
Заханд. Начало [СИ] , Алексей Владимирович Андриенко,"4,7",24,"3,4",3
Игра Наяву , Евгений Решетов,"4,8",39,None,None
Командировка. , Сергей Георгиевич Обатуров,"4,8",7,None,None
Дневник писателя , Федор Михайлович Достоевский,"4,5",6,None,None
Сердце Дракона. Том 6 (СИ) , Кирилл Сергеевич Клеванский,"4,8",101,"4,7",237
Нас здесь не было. Холодный мир , Олег Здрав,"4,0",27,"4,2",15
По имени Шерлок. Книга 1 , Светлана Шевцова,"4,6",7,"4,4",243
Киллхантер , Денис Владимиров,"4,5",32,"4,0",16
Джим. На стыке Империй , Евгений Катрич,"4,2",1116,"4,2",1038
Новая жизнь. Клан возрожденных. , Алексей Владимирович Чтец,"4,8",2168,"4,3",1117
Crysis. Легион , Питер Уоттс,"4,6",1163,"4,5",8199
Сердце Дракона. Том 8 (СИ) , Кирилл Сергеевич Клеванский,"4,8",101,"4,7",237
Не великий_ убийца великанов. , Игорь Чернышов & Alex sanguin,"5,0",1,None,None
Тихий Дон. Том 2 , Михаил Александрович Шолохов,"4,7",1136,"4,3",8833
Sword Art Online. Том 10 , Ход Алисизации ,"4,8",7281,"4,6",22 395
Sword Art Online. Том 14 , Алисизация_ воссоединение ,"4,8",7281,"4,6",22 395
Безграничный мир. Крепость. , S1,"4,3",255,"3,7",68
Книга народной мудрости , Иван Михайлович Снегирев,0,оценить,"4,0",2
Вичурин. Шесть байт творения. Байт 3. Звезда и Смерть Шшлемхх Аинна , Андрей Вичурин,0,оценить,None,None
Спасения Н.Е.Т. , 2 ,"4,3",71,"4,4",63
Связующий , Антон Демченко,"4,6",203,"4,0",8
Хадар. Игра , Артем Дем,"4,8",58,"3,0",10
Дорога домой , Виктор Гутеев,"5,0",1,None,None
Книга четвертая. До конца! , Александр Михайлович Андреев Зак,"4,3",269,"4,1",127
Крейцерова соната (Сборник) , Лев Николаевич Толстой,"4,9",122,"4,1",58
Легенды старого времени. часть 2 , Владимир Сударев,"3,8",4,None,None
Сталь против Пламени , Кондратов Александр,"4,0",5,"3,0",1
Искажающие реальность. Фракция H13. Книга 2. Рубеж. , Владимир Лушник,"4,8",577,"4,5",118
Затеси , Виктор Петрович Астафьев,"3,5",11,"4,4",16
"Гиперболоид инженера Гарина. Аэлита. Похождения Невзорова, или Ибикус ", Алексей Николаевич Толстой,"4,6",206,"4,1",2324
Толлеус. Изгой , Анджей Ясинский & Дмитрий Александрович Коркин,"4,2",71,"4,2",45
Гуттаперчевый мальчик (сборник) , Дмитрий Васильевич Григорович,"3,4",5,"4,1",16
Звёздный волк , Евгений Щепетнов,"4,0",80,"3,9",19
Призрачный Сервер. Книга 3. Черное Солнце , Андрей Львович Ливадный,"4,5",218,"4,4",83
За кулисами. 6 , Прочерк Игорь Анатольевич,"3,0",16,"5,0",1
Избранная проза , Саша Черный,"5,0",6,"5,0",1
Вы призвали не того_. Книга 2 (СИ) , Тимур Аскарович Айтбаев,"4,5",102,"4,4",1934
Постигающий , Павел Абсолют,"4,4",80,"4,4",3
Отвергнутые Боги Годвигула. Книга вторая , Крис Кельм,"4,5",166,"3,8",28
Эпоха Войн. Том 2 , Максим Грек,"4,1",1033,"4,5",391
Безграничный мир. Песочница. , S1,"4,3",255,"3,7",68
Темная Империя_ Зарождение. , Дмитрий Чвилев,"4,6",1592,"4,2",351
Первый робинзон Экса , Артем Каменистый,"4,1",419,"3,7",88
Замечательные чудаки и оригиналы , Михаил Иванович Пыляев,"4,2",5,"4,2",7
Технолог , Сергей Залевский,"1,7",76,"5,0",1
Файролл. Пути Востока , Андрей Васильев,"4,8",965,"4,3",62
Темное Наследие , Валерий Старский,"4,7",93,"4,0",10
Мусорщик. Мечта , Евгений Владимирович Щепетнов,"4,4",258,"4,1",22
Обреченный взвод , Роман Галкин,"3,0",9,"4,0",2
Смородинский. Тёмный Завет Ушедших 2. Дважды проклятый , Неизвестный,"4,7",533,"4,3",155
Дитё. Князь , Владимир Геннадьевич Поселягин,"3,8",131,"3,4",43
Баронет. Начало пути , Евгений Катрич,"4,5",348,"4,8",80
Легендарный Лунный Скульптор. Книга 46 , Нам Хи Сон,"4,0",2823,"4,1",2716
Война с орками , Милослав Князев,"4,5",200,"3,8",72
Темная империя. Становление , Дмитрий Чвилев,"4,4",728,"4,3",890
Новейший Свет. Ингвар_ планы и обломы (СИ) , Алекс Бадинтер,0,оценить,None,None
Вирус «Reamde» , Нил Стивенсон,"4,3",108,"4,2",345
Стихийник , Анджей Ясинский,"4,5",284,"4,4",344
Пират 2. Клан , Алекс Каменев,"4,5",7,None,None
Альтрея. Второй шанс , Евгений Михайлович Холодов,"4,3",140,"3,7",77
Скрижаль Невозможности. Часть I. Рождение ассасина , Михаил Мэйдж,"4,0",185,"3,7",6
EVE 3. Дела наши житейские (СИ) , Сергей Колесников,0,оценить,None,None
Пандорум , Роман Прокофьев & Александр Стрельцов,"4,6",72,"3,7",3
Сердце Дракона. Том 7 (СИ) , Кирилл Сергеевич Клеванский,"4,8",101,"4,7",237
Сердце Дракона. Том 9 (СИ) , Кирилл Сергеевич Клеванский,"4,8",101,"4,7",237
Конь Рыжий , Алексей Черкасов & Полина Москвитина,"4,6",137,"4,5",308
Нулёвка , Андрей Сергеевич Минин,"3,8",51,"3,0",8
Война и мир. Книга 2 , Лев Николаевич Толстой,"4,2",271,"4,3",3080
Клетка без выхода , Роман Глушков,"4,0",3,"4,3",8
Доставка. Книга 2. Тайна аграфов , Владимир Евгеньевич Лукасевич,"5,0",4,None,None
Звездный билет (сборник) , Василий Павлович Аксенов,"4,4",17,"4,4",25
Темпоральные путешествия_ Первый прыжок , Кирилл Владимирович Мартыненко,"4,1",23,None,None
Терра. Релиз , Сергей Извольский,"4,3",619,"4,6",364
Охота за неприятностями , Пальмира Керлис,"4,4",107,"4,5",41
Скидбладнир. Тени великих , Марк Геннадьевич Кузьмин,"4,6",77,"4,2",35
Чип Блейза. За стеной , Элиан Тарс,"4,6",61,"3,7",3
Перевертыш. Часть 1. , Владимир Александрович Гаркавый,"3,9",138,"3,8",4
Реалрпг. Маг Света , Дракмир,"5,0",671,"4,4",6
Гильдия. (Том 2) , Евгений Бергер,"4,5",522,"4,3",160
Общий враг. , Александр Михайлович Андреев (ЗАК),"4,3",109,"3,9",57
Мертвые души , Николай Васильевич Гоголь,"4,5",2177,"4,3",20 242
Хроники _Илькоры_. Воссоединение. , Тайниковский,"4,4",20,None,None
Раб Запертых Земель , Артем Каменистый,"4,7",954,"4,2",436
Бремя , Александр Годов,"4,7",108,"5,0",1
Антилия. Полное попадание , Пальмира Керлис,"4,7",105,"4,3",68
Раздвигая горизонты , Анджей Ясинский,"4,5",164,"4,2",55
Ход конем. , Алескандр Зайцев,"4,7",65,"4,2",9
Судьба человека. Поднятая целина (сборник) , Михаил Александрович Шолохов,"4,8",104,"4,6",379
Техномаг , Влад Поляков,"4,1",50,"4,0",11
Взлет Роя , Вячеслав Кумин,"3,8",110,None,None
Гарт. Одаренный , 3 ,"4,4",113,"3,7",27
Игрун , Константин Чит,"4,2",47,"3,0",1
Эпоха справедливости. Книга первая. Мгла. , Андрей Мороз,"4,4",18,"4,0",1
"Старуха Изергиль, Макар Чудра и другие… (сборник) ", Максим Горький,"4,2",28,"4,2",219
Попаданец. (Том 1) , _Добрый_ Человек,"4,2",133,"3,2",10
Источник. Судья душ , Данила Белый,"4,6",2875,"4,6",6204
Мутант. Полное погружение , Виктор Казначеев,"4,5",3259,"4,3",15 488
Дан. Книга вторая. , Хорт Игорь Анатольевич,"4,2",1352,"4,3",2102
Серебряков. Система 2. Восьмой уровень. Часть 2 , Неизвестный,"4,8",14,None,None
Кровное родство. , Сергей Георгиевич Обатуров,"4,4",33,"3,7",6
Рекрут , Алекс Каменев,"4,1",322,"3,4",22
Иной Мир. Пришествие Тупо Бога , Виталий Ильченко,"4,6",400,"4,5",2
Нереалия. Книга первая Битва за Смоленск (СИ) , Сергей Александрович Матвеев,0,оценить,"3,0",1
Реалрпг. Маг Света 2 , Дракмир,"5,0",671,"4,4",6
Темный век. Трактирщик , Александр Владимирович Воронков,"4,3",60,"4,2",22
Играет Чемпион , Антон Дмитриевич Емельянов & Сергей Анатольевич Савинов,"4,6",7,None,None
Восьмое измерение. Лимб. , Арчи Вар,"4,8",11,"5,0",1
Иван Грозный. Книга 3. Невская твердыня , Валентин Иванович Костылев,"4,1",230,"4,1",30
Лунный скульптор. Книга 11 , Нам Хи Сон,"5,0",282,"4,4",41
Мир Вальдиры. Вторая трилогия , Руслан Алексеевич Михайлов,"4,8",71,"4,6",18
Звёздное скопление. Курс вторжения , Алексей Герасимов,"4,1",20,"3,7",12
Sword Art Online. Том 15 , Алисизация_ вторжение ,"4,8",7281,"4,6",22 395
Последний храм. Тёмными тропами (СИ) , Арт Богданов,"4,5",80,"3,0",4
Катар , Игорь Анатольевич Хорт,"4,8",198,"4,4",234
Изгои звёздной империи 1. СКАЙТАЙМ , Алекс Нагорный,"3,6",196,None,None
Не время для игр , Антон Текшин,"4,4",25,"4,0",1
Исход. Начало , Виталий,"3,9",65,"3,2",7
"Сборник _Штирлиц, он же Исаев_ ", Юлиан Семенов,"4,5",315,"4,5",856
ГоТМ. Книга 1 , Вячеслав Васильев & Денис Росс,"4,0",17,None,None
Красный цветок (сборник) , Всеволод Михайлович Гаршин,"3,9",9,"4,2",114
Свободные Миры. Змеиные войны , Анатолий Натанович Арсеньев,"4,2",50,"4,0",2
Флем. Ты ,"то, что ты ешь ","4,9",41,"4,7",1022
Бард. Альбом третий_ Вестники рока , Гедеон,"4,7",1141,"4,7",14 279
Смертельная Игра. Новичок , Шепелев Владислав,"4,7",1629,"4,4",8455
Лунная радуга. Волшебный локон Ампары , Сергей Павлов,"4,5",10,None,None
Другая сторона , Милослав Князев,"4,5",173,"3,9",16
Путь домой , Валерий Пылаев,"5,0",64,"4,2",26
Хроники Реликта. Том 1 , Василий Головачев,"4,3",91,"4,4",16
Легендарный Лунный Скульптор. Книга 38 , Нам Хи Сон,"4,0",2823,"4,1",2716
Посольство , Сергей Баунт,"4,3",51,None,None
Имперский вояж. Дилогия , Олег Викторович Данильченко,"4,6",213,"4,0",1
Другая сторона. Этап 1_ Столкновение (СИ) , Валери Кириллычева & Аррантарра,"4,7",67,"4,6",44
"Малыш Гури. Виват, император… ", Юрий Николаевич Москаленко,"4,5",297,"3,9",7
Мир Карика 4. Настоящая магия , Антон Емельянов и Сергей Савинов,"4,8",510,"4,3",133
Система Возвышения. Том Третий. Эволюция. Часть 2 , Николай Раздоров,"5,0",1,None,None
Начало пути. Ступень 1. Обретение магии , Юрий Львович Киселев,"4,3",780,"3,9",8
Безграничный мир. Раскол. , Павел Витальевич Князев,"4,3",255,"3,7",68
Некомант 3 , Сергей Геннадьевич Кириллов,"4,9",17,"4,0",1
Ник_ Программист. Снова юзер. Продвинутый юзер , Анджей Ясинский,"4,0",57,None,None
Миры Жизни. Мастерство Игры (СИ) , Денис Андреевич Медведев,"4,7",412,"4,3",45
Эпоха Войн. Том 6 , Максим Грек,"4,1",1033,"4,5",391
Живые и мертвые. Книга 1 , Константин Михайлович Симонов,"4,8",477,"4,7",1089
Minecraft_ Авария , Трейси Батист,"4,2",48,"3,2",11
Первый шаг и в_. , Владимир Сергеевич Синицын,"3,8",61,"4,6",44
Соленый арбуз , Владимир Орлов,"3,8",4,"3,7",30
Два талисмана , Ольга Голотвина,"4,7",19,"4,5",90
Послушник. Прибытие , Олег Владимирович Евдокимов,"4,3",69,"4,0",9
Игра б@гов , Игорь Углов,"3,9",21,"5,0",1
Отработанный материал , Ерофей Трофимов & Андрей Земляной,"4,4",73,None,None
Налево пойдешь_ , Милослав Князев,"4,2",109,"2,8",5
Война. Диверсанты Житницы , Алексей Михайлович Трефилов,"4,8",1284,"4,4",981
Resistance. Ураганный огонь , Уильям Дитц,"4,4",661,"4,3",20
Плутония. Земля Санникова , Владимир Афанасьевич Обручев,"4,6",53,"4,3",777
Собственность Норта , Константин Келлер,"4,7",6,None,None
Прогулка по галактикам. Наследник Сеятелей , Виктор Иванович Резниченко,"4,3",1560,"4,4",245
Худший из миров. Книга 6 , Валерий Иванович Софроний,"4,3",193,"3,7",62
Путь Шамана. Шахматы Кармадонта , Василий Михайлович Маханенко,"4,7",854,"4,3",376
Темный континент. , Алексей Осадчук,"4,8",213,"4,1",33
Прогрессор поневоле. Трилогия , Сергей Георгиевич Обатуров,"3,8",7,"3,5",2
Безграничный мир. Рейд. , Павел Витальевич Князев,"4,3",255,"3,7",68
Мрачность _2. Паства , Элиан Тарс,"4,7",203,"4,0",19
Беглецы. Близнецы , Виктория Гетто,"4,7",31,"4,8",74
Книга вторая. Контратака , Николай Башилов,"4,9",104,None,None
Колос 1. Раб , Тимур Сабаев,"4,3",232,"3,1",20
Хризалида. Книга первая. Путь Предвестника , Джон Голд,"4,4",17,"3,3",78
Волк. Юность , Виктория Гетто & Александр Михайлович Авраменко,"4,8",888,"4,5",6762
На дорогах Империи , Андрей,"4,9",8,None,None
Тишина. Стройка века , Андрей Юрьевич Иванов,"4,8",1101,"4,4",698
Самозванец по особому поручению , Антон Демченко,"4,6",137,"4,5",7
Зверобои фронтира , Александр Белый,"4,1",62,"4,0",1
Игры Огня , Алексей Калинин,"3,7",3,None,None
Семья безопасности , Тимур Сабаев,"4,5",11,None,None
Дикарь. Часть 1. Идущий , Хайдарали Мирзоевич Усманов,"4,8",3955,"4,3",856
Дитё , Владимир Поселягин,"4,0",97,"3,6",10
"Буран, Тайга и Асмодей. Новый уровень ", Deinon,"1,0",1,None,None
Рарник , Евгений Кострица,"3,4",50,"3,5",9
Когда взойдет Северная звезда , 2 ,"3,8",5,None,None
Сердце Дракона. Том 5 (СИ) , Кирилл Сергеевич Клеванский,"4,8",101,"4,7",237
Енот. Жизнь,игра ,"4,5",14,None,None
Легендарный Лунный Скульптор. Книга 42 , Нам Хи Сон,"4,0",2823,"4,1",2716
Сандро из Чегема , Фазиль Искандер,"4,6",227,"4,5",563
Добрый волшебник , Андрей,"4,9",8,None,None
Тени исчезают в полдень , Анатолий Иванов,"4,8",125,"4,7",1069
Селютин. Мир Вальдиры 2. Резервист , Неизвестный,"5,0",1,None,None
"Я – другой, ч.2 ", Денис Деев,"4,8",75,"4,4",1068
Игра Кота. Книга третья [СИ] , Роман Прокофьев,"4,8",621,"4,3",94
Наследник Арисара. Дилогия , Игорь Михайлович Гаркушин,"4,6",72,"4,0",1
Чиновник для особых поручений , Вера Каменская & Юрий Каменский,"4,0",98,"3,0",4
Эликсир. Новое рождение , Александр Дроздов,"4,6",204,"4,4",78
Магоискин. Том второй (СИ) , ,"4,4",83,"3,8",11
"Вы призвали не того_. (книга 6, том 2) ", Тимур Айтбаев,"4,5",102,"4,4",1934
Мастер божественной крови_ Правда о мире , Алексей Фёдоров,"5,0",7,None,None
Лесовик,6 ,"4,6",465,"4,1",170
Серх. Пробуждение , Евгений Игоревич Широков,"4,0",11,None,None
Сэр Бэзил. Задача , умереть ,"4,4",10,"2,4",3
Хроники города. Вопросы Этики , Тимофей Царенко,"4,8",133,"4,7",6
Этот прекрасный новый мир. , Илья Штайнер,"4,5",7,"4,2",137
Кот с нейросетью , Владимир Товарниченко,"3,2",6,None,None
Наемник , Алекс Каменев,"4,2",228,"3,6",17
К «последнему морю». Огни на курганах. Юность полководца , Василий Ян,"4,8",122,"4,4",502
Ездовой гном. Торг (СИ) , Михаил Владимирович Уткин,"4,6",97,"4,4",13
Архипелаг. Шестеро в пиратских широтах , Андрей Александрович Васильев,"3,7",430,"5,0",2
Real,RPG,"4,9",227,"4,4",29
Царь зверей. Часть 5 , Антон Емельянов & Сергей Савинов,"4,6",97,"4,4",13
Алебардист , Владимир А,"4,3",140,"3,7",77
Темный Эвери. Эксперт смерти , Иван Суббота,"4,3",69,"3,5",12
Мутант. Орбитальный альянс , Виктор Казначеев,"4,5",3259,"4,3",15 488
Слово и Чистота_ Проекция , Александр Зайцев,"4,2",127,"3,9",9
Воля грешных богов. Том 1 , NonSemper,"4,1",28,"5,0",1
Безграничный мир. Дно , Павел Витальевич Князев,"4,3",255,"3,7",68
Темный паладин. Начало , Василий Михайлович Маханенко,"4,6",544,"4,1",169
Земли меча и магии. Паладин 2 , Андрей Петров,"3,9",8,None,None
Легендарный Лунный Скульптор. Книга 19 , Нам Хи Сон,"4,0",2823,"4,1",2716
Безбожие. Героический Режим _ Злая Игра , Геннадий Алексеевич Башунов,"4,7",16,"4,4",11
Дневник зота , Арт Богданов,"3,6",5,None,None
Эпоха Войн. Том 3 , Максим Грек,"4,1",1033,"4,5",391
Певец во стане русских воинов_ Стихотворения. Баллады. Поэмы , Василий Андреевич Жуковский,"4,3",44,"3,9",9
Пришлые , Виктор Гутеев,"4,5",8,"3,0",6
Злые улицы , Наиль Выборнов,"4,2",6,None,None
Последний храм. Игры тандемов , Арт Богданов,"4,5",80,"3,0",4
"Игрок, забравшийся на вершину. Том 3. ", Дмитрий Владимирович Михалек,"4,1",138,"3,3",80
Самый первый , 2 ,"4,5",1550,"4,3",243
На крючке , Майкл Р,"4,3",22,None,None
Древние. Начало , Юрий Николаевич Москаленко & Александр Климов,"4,4",9764,"4,3",7217
Игра Мисания. Грядет Война , Виталий Павлович Ильченко,"4,6",1970,"4,2",338
Проект Данте. Седьмой круг , Сергей Извольский,"4,5",1550,"4,3",243
Терра. Бета,тест ,"4,3",619,"4,6",364
Чистильщик. , Сергей Георгиевич Обатуров,"4,0",183,"3,5",9
Вы призвали не того_. Книга 1 (СИ) , Тимур Аскарович Айтбаев,"4,5",102,"4,4",1934
Арк. Том 14 , Неизвестный,"4,9",30,None,None
ЕВАНГЕЛИЕ ОТ ЗВЕРЯ , Василий Головачев Головачев,"4,8",26,"4,0",78
Книга третья. Ковчег , Николай Башилов,"4,7",666,"4,3",816
Духовная проза (сборник) , Николай Васильевич Гоголь,"4,5",6,None,None
Гильдия. Книга 1 , Евгений Бергер,"4,5",522,"4,3",160
Стихи и песни , Владимир Семенович Высоцкий,"4,5",16,None,None
Легендарный Лунный Скульптор. Книга 33 , Нам Хи Сон,"4,0",2823,"4,1",2716
Жрец. Свиток Второй , Снежный Иван,"4,3",4,"4,3",8
Первый , Михаил Владимирович Савич,"4,5",118,"3,5",4
Ездовой гном. Битва , Михаил Владимирович Уткин,"4,6",97,"4,4",13
Гоблин , Тайниковский,"4,1",43,"3,5",14
Угол падения , Роман Глушков,"4,0",3,"4,0",3
Слабости нет! , Денис Владимиров,"4,6",23,"4,2",9
Двойной удар , Владимир Поселягин,"4,1",107,"3,5",8
Боевой жрец. , Алексей Александров,"4,8",20,None,None
Проект 1122 , Евгений Катрич,"4,5",30,None,None
Закованные в металл , Александр Валерьевич Волков,"5,0",1,None,None
Игра. Первый от человечества. , Игорь Даждев,"4,6",3719,"4,7",23 922
Нашествие. Битва титанов. , Astrollet,"3,5",37,"2,0",1
Отвергнутые Боги Годвигула , Крис Кельм,"4,6",455,"4,0",41
Тайна Эрлики , Роман Галкин & Татьяна Бисс,"3,7",12,None,None
Тёмный Эвери. Адепт смерти , Иван Суббота,"4,3",69,"3,5",12
Барлиона. Лепрекон , Богдашов Сергей Александрович,"4,8",661,"4,4",567
Сердце Дракона. Том 4 (СИ) , Кирилл Сергеевич Клеванский,"4,8",101,"4,7",237
Кроу , Дем Михайлов,"4,6",545,"4,3",75
Легенды старого времени. часть 1 , Владимир Сударев,"3,8",4,None,None
Делирий , Сергей Ткачев,"4,3",100,"3,0",1
Легендарный Лунный Скульптор. Книга 40 , Nam Heesung,"4,0",2823,"4,1",2716
Слон , Александр Андреев,"4,8",7,None,None
Тайна двух океанов , Григорий Борисович Адамов,"4,2",16,"4,5",8
Хаджи,Мурат ,"4,4",8,"4,2",219
Real,RPG,"4,9",227,"4,4",29
Демоны сновидений , Дмитрий Нелин,"4,9",100,"4,4",27
Странствия алхимика , Алекс Каменев,"4,2",75,"4,0",1
Игры чудовищ , Тимур Рымжанов,"4,7",8,"4,0",9
Влад. Форпост , Алексей Михайлович Ноунэйм,"4,7",644,"4,5",6732
Испытание жизнью.Часть 1 Прямое попадание , Юля Купцова,"5,0",1,None,None
Не герой. Том 1 , Леонид Антонов,"3,9",31,"4,0",60
Влад. Трилогия , Алексей Михайлович Ноунэйм,"4,7",644,"4,5",6732
"Емельян Пугачев, т.1 ", Вячеслав Яковлевич Шишков,"4,9",45,"4,0",1
Запрещенная реальность. Том 2 , Василий Головачёв,"4,3",125,"3,3",8
Боги Второго Мира , Артем Каменистый,"4,6",1116,"4,1",363
Первая заповедь Империи. Темная зона , Александр Игоревич Шапочкин,"4,5",265,"3,7",20
Безграничный Мир. Выбор (Финал) , S1,"4,3",255,"3,7",68
Новый мир. Второй Том. Часть 1 , Кин,"4,5",2165,"4,2",299
Игра. Битва за город , Роман Пастырь,"4,6",3719,"4,7",23 922
Чернокнижник , Влад Поляков,"4,4",129,"4,0",29
Артефактор. Том второй , Александр Шаравар,"4,4",28,"3,6",5
Гвардеец его величества , Алекс Делакруз,"4,4",164,"4,0",2
Охотник. Возвращение Титана! , Хайдарали Усманов,"4,4",989,"4,0",1992
Император по Случаю. Книга пятая , Юрий Николаевич Москаленко,"3,9",269,"3,5",2
Путь Шамана. Поиск Создателя , Василий Михайлович Маханенко,"4,7",854,"4,3",376
Полынь. Семинарист , Владимир Атапин,"4,8",184,"4,6",36
По имени Шерлок. Книга 2 , Светлана Шевцова,"4,6",7,"4,4",243
Хроники Илькоры. Демонические планы (СИ) , Тайниковский,"4,4",27,"4,0",1
Наказан играть , Евгений Осьминожкин,"4,0",26,None,None
Штурм. Книга 3 (СИ) , Михаил Владимирович Савич,"4,6",700,"4,3",8741
Зубр. Бегство в Россию , Даниил Гранин,"4,6",66,"4,4",285
Реальная виртуальность , Олег Палёк,"4,9",6,None,None
Шериф , Владимир Ильин,"4,6",445,"4,2",274
Чудак. Неправильный вор , Григорий Константинович Шаргородский,"4,6",438,"4,5",2888
FERA. Апокалипсис_ пособие по выживанию , Константин Александрович Зайцев & Алексей Тихий,"4,2",9,None,None
Империя Аратан , Альберто Чудов,"4,3",22,"3,4",28
Удар. Книга 1.Долина Трех Храмов , Иван Борн,"4,6",295,"4,2",122
Файролл. Снисхождение. Том 1 , Андрей Васильев,"4,8",965,"4,3",62
Гильдия. (Том 6) , Евгений Бергер,"4,5",522,"4,3",160
Эволюция Расы. Мутант (СИ) , Александр Атаманов,"4,0",27,"4,1",67
ГЕНИЙ ИЗ ГУСЛЯРА , Кир Булычёв,"4,0",3,"4,1",17
Мир на продажу , В,"4,7",14,"4,5",34
Чудак. Искатель неприятностей , Григорий Константинович Шаргородский,"4,6",438,"4,5",2888
Гнев , Константин Чит,"4,0",1,None,None
Эхо войны , Дем Михайлов,"4,8",190,"4,4",74
Эволюция Кинга. Орк. , Тайниковский,"4,1",43,"3,5",14
Империя. Содружество Равных. Назначен шпионом (СИ) , Леонид Васильевич Мешалкин,"4,4",1293,"4,2",5
Warcross_ Игрок. Охотник. Хакер. Пешка , Мэри Лю,"4,0",49,"4,3",142
Кибер I. Гражданин , Эдуард Павлович Поляков,0,оценить,None,None
Скрижаль Невозможности. Часть II. Игра продолжается , Михаил Мэйдж,"4,0",185,"3,7",6
Бедная Лиза (сборник) , Николай Михайлович Карамзин,"3,9",9,"3,8",90
Легендарный Лунный Скульптор. Книга 36 , Нам Хи Сон,"4,0",2823,"4,1",2716
По имени Шерлок. Книга 3 , Светлана Шевцова,"4,6",7,"4,4",243
Мир в Кубе. Пробуждение , Алекс Ланг,"3,9",14,"3,8",11
Гулящая , Панас Мирный,"4,5",1822,"4,4",891
Спасатель с Земли , Михаил Анатольевич Слесаренко,"4,4",19,None,None
Излом 2.0 [publisher_ ИДДК; оптимизирована обложка] , Вадим Фарг,"4,8",104,"4,3",562
Горе от ума (сборник) , Александр Сергеевич Грибоедов,"4,5",43,"4,3",435
Клан , Константин Николаевич Муравьев,"4,3",223,"5,0",3
Вход. Книга 1 (СИ) , Михаил Владимирович Савич,"4,8",14,None,None
Мор , Роман Добрый,"4,9",8,None,None
Эпоха Войн. Том 5 , Максим Грек,"4,1",1033,"4,5",391
Байт I. Ловушка для творца , Андрей Вичурин,"5,0",2,None,None
След зомби , Олег Дивов,"4,5",570,"4,2",389
Алхимик. Книга 1_ Город мертвых , Василий Маханенко,"4,7",5327,"3,8",36 157
Скидбладнир. Дорога во Мрак , Марк Геннадьевич Кузьмин,"4,6",77,"4,2",35
EVE Online. Выйти из игры , Михаил Александрович Атаманов,"4,0",26,"3,0",2
Целитель. Уравнять шансы , Сергей Александрович Богдашов,"4,6",109,"2,7",3
Восемнадцать с плюсом , Артем Каменистый,"4,5",1151,"4,3",174
Рожденный в СССР. Дилогия , Дмитрий Александрович Колесов,"5,0",4,None,None
Очень живучая тварь 2 , Ам Аль,"5,0",1,None,None
В глубине Великого Кристалла. Том 1_ [сборник] , Владислав Крапивин,"4,3",10,"5,0",5
Своя,чужая война ,"4,3",23,"5,0",1
Встреча попаданцев. Книга вторая. , Дмитрий Гаук,"2,0",1,None,None
Свой путь , Юрий Корнеев,"3,6",247,"3,0",16
МИКЕНСКИЙ ЦИКЛ , Андрей Валентинов,"4,2",15,"4,4",37
Sword Art Online. Том 11 , Поворот Алисизации ,"4,8",7281,"4,6",22 395
Скидбладнир. Кровь и жизнь , Марк Геннадьевич Кузьмин,"4,6",77,"4,2",35
Волк. Рождение , Александр Авраменко & Виктория Гетто,"4,8",888,"4,5",6762
Мертвый Инквизитор 3. Бездна Фанмира , Иван Владимирович Магазинников,"4,3",71,"4,3",10
Восхождение_ Град Темных Вод , Карина Вран,"4,8",22,"4,0",5
Египтянка. Боги Кемета. 2 Книга , Ольга Смышляева,0,оценить,None,None
Кабирский цикл , Генри Лайон Олди,"4,7",102,"4,5",928
Игра Ассасина , Андрей Лавин,"4,3",255,"3,7",68
Наследие. Дилогия , Вадим Матюшин,"4,7",759,"4,4",785
Медик. Обманутые ожидания , Алексей Бовкунов,"4,4",368,"3,8",41
Игра Хаоса. Право на жизнь , Алексей Свадковский,"4,4",110,"4,1",66
Жестокая игра. Рождение , Павел Коршунов,"4,7",492,"4,5",2
Слава. Звёздный посланник , Евгений В,"4,5",626,"4,1",3934
В зеркале (сборник) , Варлам Тихонович Шаламов,"5,0",7,"4,0",2
Бельский. Убить Создателя , Сергей Бельский,"5,0",2,None,None
Игра на нервах. Том 2 (СИ) , Денис Деев,"4,2",25,"4,2",5
Школа. Ученик , Алексей Валентинович Стерликов,"4,3",323,"3,6",317
Гидра. Безликий , Владислав Бобков,0,оценить,None,None
Год Вэй. Гильдия Реальности (СИ) , Дмитрий Викторович Распопов,"3,7",25,"3,7",25
"Мир, где мне не очень рады. ", Кирико Кири,"4,4",6,None,None
Попрыгунчик. Начало , Алексей Николаевич Калинин,"3,1",29,"3,7",33
Гоночный Джокер. Игра на выживание , Константин Назимов,"3,8",31,None,None
Sword Art Online. Том 8 , Вначале и потом ,"4,8",7281,"4,6",22 395
Вы призвали не того_. Книга 6. Том 3 , Тимур Аскарович Айтбаев,"4,5",102,"4,4",1934
Метаморф. Книга 1 [СИ] , Карос,"4,8",153,"4,7",123
Влад. Рейд , Алексей Михайлович Ноунейм,"4,7",644,"4,5",6732
Суррогат Героя. Том I , Алескандр Зайцев,"4,8",14,"4,6",15
Заповедная планета , Ерофей Трофимов,"4,4",73,None,None
Бесконечная война , Антон Емельянов & Сергей Савинов,"4,5",163,"4,2",47
Колонизатор , Сергей Залевский,"2,6",31,"4,0",1
Звездный лорд. Том 2 , Александр Шаравар,"4,5",1177,"4,2",1826
Городской цикл , Марина Дяченко & Сергей Дяченко,"3,9",8,None,None
Искин. Игрушка , Виктор Казначеев,"5,0",5,None,None
Гладиатор. Книга 4. , Ринат Назипов,"4,1",191,"3,5",27
Шаман , Сергей Давыдов,"4,5",6,"5,0",1
Олеся (Сборник) , Александр Иванович Куприн,"4,9",105,"4,6",22
Шутиха , Генри Лайон Олди,"4,6",28,"4,0",98
Охотник. Нежелательные контакты , Хайдарали Мирзоевич Усманов,"4,4",989,"4,0",1992
Sword Art Online. Том 9 , Начало Алисизации ,"4,8",7281,"4,6",22 395
Хобгоблин , Тайниковский,"4,3",31,"3,3",11
Призрачный Сервер. Книга 2. Изгой , Андрей Львович Ливадный,"4,5",218,"4,4",83
Посеяв ветер , Виктор Гутеев,"4,5",2,None,None
Колыбель. Прода. , Павел Александрович Зайцев,"4,3",964,"4,0",14 603
В поисках истины , Артем А,"5,0",12,"4,6",10
Рождение миров , Дмитрий,"4,4",79,"3,5",4
Ник , Анджей Ясинский,"4,6",270,"4,4",99
Система Возвышения. Том Третий. Эволюция. Часть 1 , Николай Раздоров,"5,0",1,None,None
Катарсис. Том 1 , Василий Головачёв,"3,8",67,"2,4",5
Воин. Возвращение , Олег Говда,"4,7",799,"3,6",21
Волк. Поля надежды , Александр Михайлович Авраменко & Виктория Гетто,"4,8",888,"4,5",6762
Свой дом . Семья. , Семён Викторович Иванов,"4,0",22,None,None
Инспектор вселенных , Игорь Сергеевич Фурсов,0,оценить,"3,0",1
Сердце Дракона. Том 1 (СИ) , Кирилл Сергеевич Клеванский,"4,8",101,"4,7",237
Смертоносная игра , Джеймс Дэшнер,"4,3",113,"3,9",1920
Витязь. Замок людоеда , Степан Кулик,"4,9",148,"5,0",3
"Охотник. Куда вас, сударь… занесло_ ", Хайдарали Усманов,"4,4",989,"4,0",1992
Zelda. Книга о новых героях , Никита Балашов,"4,0",211,"3,5",352
Макар Чудра и многое другое… , Максим Горький,"4,8",25,"3,8",4
Прекрасный новый мир. Начало (СИ) , Рэд Шухов,"4,5",198,"4,3",140
Жестокая игра. Жизнь , Павел Коршунов,"4,7",492,"4,5",2
Наказан играть 3 , Евгений Александрович Осьминожкин,"4,0",26,None,None
Меняющийся Мир. Быстрое Течение , Сергей Кац,"4,9",31,"4,3",21
Защита Периметра. Через смерть , Михаил Атаманов,"4,9",478,"4,5",153
Жестокая игра. Книга 4. Тень войны , Павел Борисович Коршунов,"4,7",492,"4,5",2
Дар. Общий файл v1.4 pre,release ,"4,7",401,"4,6",3495
Иван Грозный. Том 1 , Валентин Иванович Костылев,"4,1",230,"4,1",30
Земли меча и магии. Друид , Владимир Михайлович Мясоедов,"3,9",8,None,None
Война магии. Том первый. Часть первая , Николай Раздоров,"4,8",35,"4,6",224
Великая Миссия , Милослав Князев,"4,4",433,"3,7",135
Дитё. Двойной удар , Владимир Геннадьевич Поселягин,"3,8",131,"3,4",43
Эскул. Небытие_ Варрагон (СИ) , Андрей Респов,"4,9",19,"4,5",29
Дизель решает всё , Михаил Маришин,"4,8",12,None,None
Игра не ради игры , Андрей Васильев,"4,6",1592,"4,2",351
Восьмой уровень , Дмитрий Серебряков,"4,2",136,"3,9",33
Долг корсара. Книга 2. В поисках манускрипта , Игорь Нокс,"4,8",49,"5,0",4
В зеркале , Варлам Тихонович Шаламов,"5,0",7,"4,0",2
Не лидер , Плотников Сергей,"4,4",55,"3,5",6
Безграничный Мир. Серые. , S1,"4,3",255,"3,7",68
Один из демонов , Альтс Геймер,"3,8",4,None,None
Белый пудель. Лучшие повести и рассказы о животных (сборник) , лович Пришвин & Борис Степанович Житков & Юрий Павлович Казаков,"4,1",10,"4,4",708
С тенью в душе , Ярослав Коваль,"4,3",7,None,None
Книга третья. Гибель химеры , Аноним Vizivul,"4,7",666,"4,3",816
Преторианец. Начало Книга 1 , Д,"4,1",46,"4,0",6
Превосходство , Дмитрий Морозов,"3,4",11,None,None
Последняя петля 6. Старая империя , Антон Емельянов и Сергей Савинов,"4,5",48,None,None
Ассасин. Возвращение , Дмитрий Сергеевич Кружевский,"4,6",782,"3,9",670
Завадская. Архи,Vr,"4,4",16,None,None
Прокачаться до живого 2 , Андрей Владимирович Дмитриев,"4,8",14,None,None
Через тернии к_. звёздам , Жрец,"4,8",39,"4,3",24
Пираты Драконьих островов , Милослав Князев,"4,4",128,"3,8",32
Живая игра_ Вход , Андрей Сергеевцев,"3,7",8,None,None
Прогрессор поневоле. , Сергей Георгиевич Обатуров,"3,8",7,"3,5",2
Тени снов , Сергей Васильевич Лукьяненко,"4,2",23,"3,0",1
Монстр 4. Тёмный Океан , Сергей Бельский,"4,7",86,"4,4",6
Император по случаю. Книга пятая. Часть третья , Юрий Николаевич Москаленко,"3,9",269,"3,5",2
Контакт. Новая эпоха , Никита Семин,"4,5",69,"4,3",756
Чип Блейза. Статус , Элиан Тарс,"4,6",61,"3,7",3
В бой идут_. , Вадим Николаевич Нестеров,"4,6",177,"4,5",54
"Емельян Пугачев, т.2 ", Вячеслав Яковлевич Шишков,"4,9",45,"4,0",1
Поднятая целина , Михаил Шолохов,"4,7",206,"4,4",2354
Дикарь. Часть 3. Гости , Хайдарали Усманов,"4,8",3955,"4,3",856
Свой дом. Дилогия , Семён Викторович Иванов,"4,0",22,None,None
Кровавый Эльф. Книга 2 , АриТорв,"4,5",2,"3,5",2
Экспансия , Николай Басов,"4,6",9,"3,7",9
Война Теней , Николай Трой,"4,6",62,"3,6",19
Падение Предела , Эрик Ниланд,"4,2",48,"4,2",64
Последний храм. Наследник , Богданов Арт,"4,5",80,"3,0",4
Власть демиурга , Юрий Львович Киселев,"4,0",9,None,None
Проект Данте. Смертельное сафари , Сергей Извольский,"4,5",1550,"4,3",243
Черным по белому , Макар Ютин,"4,2",25,"3,8",4
Джим. Возрождение Империи , Евгений Катрич,"4,2",1116,"4,2",1038
Рисс , эльф крови ,"4,5",4,None,None
Странник. Новый Дом , Иван Юрьевич Власов,"4,4",443,"4,2",189
Шустрый. Рождение воина , Алексей Михайлович Трефилов,"3,8",51,"3,2",8
Свой дом. Обретение , Семён Викторович Иванов,"4,0",22,None,None
Сборник _Дневник Сатаны_ , Леонид Николаевич Андреев,"4,1",64,"4,2",36
Игрун. Дилогия (СИ) , Константин Читатель,"5,0",2,None,None
Вы призвали не того_. Книга 8. Том 1 , Тимур Аскарович Айтбаев,"4,5",102,"4,4",1934
Император по случаю. Книга четвертая , Юрий Николаевич Москаленко,"3,9",269,"3,5",2
Девятый уровень. Часть первая , Дмитрий Dmitro Серебряков,"4,8",59,"4,4",3
Последняя петля , Сергей Савинов & Антон Емельянов,"4,4",176,"4,2",31
Дровосек 2. Дорога к славе. , Михаил Б,"3,8",4,None,None
"Играть, чтобы жить. Книга 7. Исход ", Дмитрий Рус,"4,8",1076,"4,5",1058
Отрицательный рейтинг , Александр Мазин,"4,7",562,"4,3",21
Вий. Рассказы о вирт-реальности, Юрий Молчан,"4,9",6,None,None
Скелетон. Откуда берутся живые мертвецы_ , Варп,0,оценить,None,None
Кингчесс , Сергей Ткачев,"4,7",63,"4,0",1
Иностранец. Тернистый путь , Игорь Витальевич Шелег,"4,6",9,None,None
Некомант 4 , Сергей Геннадьевич Кириллов,"4,8",9,"4,9",6
Магия невозможного , Антон Волк,"4,0",8,None,None
Слепой музыкант (сборник) , Владимир Галактионович Короленко,"4,5",16,"4,6",10
Осколки клана. Том 1 , Александр Игоревич Шапочкин & Алексей Викторович Широков,"4,4",62,"3,8",5
Противостояние. Книга первая , Тайниковский,"4,6",1710,"4,5",7249
Черный Баламут , Генри Лайон Олди,"4,7",61,"4,3",19
Капитан Ульдемир , Владимир Михайлов,"4,5",20,"4,4",16
Жрец. Свиток Третий , Иван Алексеевич Снежный,"4,3",4,"4,3",8
Нужна свободная планета , Кир Булычев,"4,7",14,"4,5",34
Жестокая игра. Древние боги. Том 1 , Павел Борисович Коршунов,"4,7",492,"4,5",2
Акт 1. Карнавал , Сергей Сергеевич Ткачёв,"4,6",37,None,None
Восьмой Уровень. Часть третья. , Дмитрий Серебряков,"4,2",136,"3,9",33
Худший из миров. Книга 5 , Валерий Иванович Софроний,"4,3",193,"3,7",62
Новое Начало. Книга вторая , Алексей Анонимов,"4,4",327,"4,6",110
Акулов. Чистилище , Неизвестный,"4,6",21,None,None
Идиот , Федор Михайлович Достоевский,0,оценить,None,None
Целитель. Пришельцы и сокровища , Сергей Александрович Богдашов,"4,6",109,"2,7",3
Путь Шамана. Гамбит Картоса , Василий Маханенко,"4,7",854,"4,3",376
Армада , Эрнест Клайн,"4,7",4264,"4,5",7145
Неучтённый , Константин Николаевич Муравьев,"4,3",363,"3,6",57
Sword Art Online. Том 12 , Алисизация_ раскол ,"4,8",7281,"4,6",22 395
Легендарный Лунный Скульптор. Книга 18 , Нам Хи Сон,"4,0",2823,"4,1",2716
PSO 2. Древний Храм , Нил Алмазов,"4,5",4,None,None
Я из будущего , Владимир Геннадьевич Поселягин,"4,1",232,"3,6",15
Братья Карамазовы , Федор Михайлович Достоевский,"4,6",1489,"4,2",13 742
Чертов данж , Серж Винтеркей,"4,8",1786,"4,1",40
Гражданин , Сергей Залевский,"1,7",37,"4,0",1
Квазар. Демонический бог. Том 3,й,"5,0",3,None,None
Infinitum. Начало , Артур Сокол,"4,5",4,None,None
Теперь я стеллинг! , Катэр Вэй,"3,9",7,None,None
Эпоха Войн. Том 4 , Максим Грек,"4,1",1033,"4,5",391
Вторжение , Василий Маханенко,"4,7",235,"4,4",5
Ученье – свет! , Яна Алексеева,"5,0",3,"3,9",389
Ледяной дом. Басурман , Иван Иванович Лажечников,"4,7",51,"4,1",482
Защита Периметра. Восьмой сектор , Михаил Атаманов,"4,9",478,"4,5",153
Слово и Чистота_ Иллюзия , Александр Зайцев,"4,5",77,"3,7",3
Заветные русские сказки , Александр Николаевич Афанасьев,"4,2",91,"4,2",1143
В глубине Великого Кристалла. Том 2_ [сборник] , Владислав Крапивин,"4,3",10,"5,0",5
Гильдия. (Том 3) , Евгений Бергер,"4,5",522,"4,3",160
Альвен.Тёмная сущность , Евгений Сай,"5,0",1,"5,0",1
Восхождение , Карина Вран,"4,8",22,"4,0",5
Господа Головлевы , Михаил Евграфович Салтыков,"4,7",30,"4,4",4143
Акс. Кровавый Турнир , Павел Юрьевич Перовский,"4,5",269,"4,3",685
Кому на Руси жить хорошо , Николай Алексеевич Некрасов,"5,0",1,"4,3",8
Грешники. Книга 1. Корпорация _Кольцо_ , Александр Александрович Чубарьян,"4,1",97,"3,8",125
Рисс,2,"4,4",3,"4,0",1
Тени Великого леса , Георгий Георгиевич Смородинский,"4,8",544,"4,3",196
Во имя Империи! , Виктория Гетто & Александр Михайлович Авраменко,"4,1",38,"2,7",3
Принцесса ботов , Александр Ковган,"4,7",6,"4,0",2
"Толлеус, искусник из Кордоса ", Анджей Ясинский & Дмитрий Александрович Коркин,"4,2",71,"4,2",45
Комаров. Игра и Мир , Неизвестный,"4,5",1285,"4,5",664
Игры теней , Ерофей Трофимов,"4,4",73,None,None
История кривого билда_ Баф,машина ,"4,4",18,"4,3",9
Ходячее сокровище , Артем Каменистый,"4,7",1046,"4,4",126
Файролл. Разные стороны , Андрей Васильев,"4,8",965,"4,3",62
Лабиринт на орбите 2 , Сергей Залевский,"3,7",11,None,None
Легендарный Лунный Скульптор. Книга 43 , Нам Хи Сон,"4,0",2823,"4,1",2716
Видящий,2,"4,8",1087,"4,3",106
Матрица постапокалипсиса , Соломон Фенрир,"4,1",53,None,None
Охотник. Главное выжить , Хайдарали Мирзоевич Усманов,"4,4",989,"4,0",1992
Штрафбат магического мира , Дмитрий Морозов,"4,5",78,"4,0",9
Боец. Гонка Героев , Роман Добрый,"4,4",66,"3,8",10
Вы призвали не того_. Книга 4. Оскал Тьмы (СИ) , Тимур Аскарович Айтбаев,"4,5",102,"4,4",1934
В шкуре демона , Иван Лагунин,"4,7",9,None,None
Боевая пирамида , Алексей Юрьевич Кудряшов,"4,7",3,None,None
Борьба за существование , Гоблин MeXXanik,"3,9",7,None,None
Союз проклятых , Алекс Кош,"4,7",394,"4,4",109
Код Лавакрона , Альтс Геймер,"4,0",1,None,None
Мрачность _4. Колыбель Богов , Элиан Тарс,"4,6",80,"4,1",11
Новая жизнь. Война , Дмитрий Серебряков,"4,8",2168,"4,3",1117
На чужих рубежах. Посев , Александр Игоревич Шапочкин,"4,3",1560,"4,4",245
Шагнувший в небо , Дмитрий Даль,"4,0",9,None,None
Сталью и магией , Антон Лисицын,"4,2",58,"3,2",43
Шахматы богов , башня ,"4,5",99,"3,3",4
Жизнь игра. Том 2 , Ринат Камильевич Назипов,"4,1",252,"4,1",3197
Ступень 5. Бегство в Эдем , Юрий Л Киселев,"4,6",5006,"4,3",3528
Ревизор (Сборник) , Николай Васильевич Гоголь,"4,4",5,"4,2",263
Ключ темных , Евгений Катрич,"4,8",17,None,None
Синдром защитника , Владимир Кельт,"4,3",41,"4,4",5
книга Эксперт. Гремящие пески (книга 3) , Meleor,"4,9",6,None,None
Подготовка , Константин Николаевич Муравьев,"4,3",147,"4,1",26
Королевский квест , Серж Винтеркей,"4,9",1326,"4,3",36
Чёрная кровь. Чёрный смерч , Ник Перумов & Святослав Логинов,"4,6",117,"5,0",2
Гидра. Противостояние , Владислав Бобков,0,оценить,None,None
Хроники _Илькоры_. Книга вторая_ Земли кровавого лорда_ , Тайниковский,"4,4",20,None,None
Котов. Onia Online 4. Bторжение , Неизвестный,"4,4",606,"4,1",573
Битва за Порог. Серый , Павел Вяч,"4,4",15,"4,7",3
Слова матрешки , Джон Голд,"4,7",18,None,None
Охотник. Чужой среди своих! , Хайдарали Мирзоевич Усманов,"4,4",989,"4,0",1992
Черное пламя над Степью , Георгий Смородинский,"4,8",471,"4,3",119
Месть темной эльфийки , Милослав Князев,"4,5",261,"3,9",104
Хранитель , Дмитрий Серебряков,"4,8",14,None,None
Из евреев в попаданцы. Книга третья. , Дмитрий Гаук,"4,9",722,"5,0",13
Исток. Часть 1 , Евгений Нетт,"4,2",1466,"4,5",1601
Легендарный Лунный Скульптор. Книга 39 , Нам Хи Сон,"4,0",2823,"4,1",2716
Черный дождь , Артём Скороходов,"4,6",48,"4,2",16
Философические письма (сборник) , Петр Яковлевич Чаадаев,"3,9",9,"3,7",145
Error 01. Обратная сторона , Архимаг,"4,0",22,None,None
Влад. Взлет , Алексей Михайлович Ноунэйм,"4,7",644,"4,5",6732
Иномирье. Otherworld , Кирстен Миллер & Джейсон Сигел,"4,9",195,"4,2",29
Слава. Наследник , Евгений В,"4,5",626,"4,1",3934
Сердце Дракона. Том 3 (СИ) , Кирилл Сергеевич Клеванский,"4,8",101,"4,7",237
Игра Хаоса. Книга четвертая , Алексей Рудольфович Свадковский,"4,4",110,"4,1",66
Орех. Глина и Гранит , Евгений Игоревич Широков,"4,5",5509,"4,4",1158
Звездный скиталец. Том 2 , Astrollet,"1,0",1,None,None
Фортификатор , Дмитрий Билик,"3,6",86,"3,5",16
Игры героев , Андрей Лавин,"4,2",133,"3,4",29
Полукровка. Свалка , Хайдарали Мирзоевич Усманов,"4,7",424,"3,9",42
Легенда о короле,скелете ,"4,3",10,None,None
Сердце Дракона. Том 2 (СИ) , Кирилл Сергеевич Клеванский,"4,8",101,"4,7",237
Расплата. , Тайниковский,"4,8",1105,"4,4",639
Последний храм. Ветер перемен. , Арт Богданов,"4,5",80,"3,0",4
Эпоха Войн. Том 1 , Максим Грек,"4,1",1033,"4,5",391
Император по случаю. Книга третья , Юрий Николаевич Москаленко,"3,9",269,"3,5",2
Админ , Анджей Ясинский,"4,4",285,"4,4",335
Рудники , Евгений Старухин,"4,6",465,"4,1",170
Тестер. Грань невозможного (СИ) , Владислав Брокт,"4,2",101,"3,0",12
Останется только одна… , Алексей Имп,"4,8",48,"5,0",3
Попаданец 2.0 , Алексей Викторович Широков & Александр Игоревич Шапочкин,"3,4",26,"4,0",5
Подходящая работа , Сергей Поташев,"4,8",2817,"4,5",5072
Sword Art Online. Том 6 , Призрачная пуля ,"4,8",7281,"4,6",22 395
Изгнание беса , Андрей Столяров,"4,5",9,"3,5",2
Легендарный Лунный Скульптор. Книга 48 , Нам Хи Сон,"4,0",2823,"4,1",2716
Лицо войны , Алексей Бобл,"3,6",29,"3,4",22
Рыцари Пустоты , Кира Диллинджер,"5,0",1,None,None
Ночь перед Рождеством. Лучшие рождественские истории , Леонид Нй Васильевич Гоголь & Александр Грин & Валерий Яковлевич Брюсов,"4,1",75,"4,5",4315
Заханд. Холархии (СИ) , Лаэндэл,"4,7",24,"3,4",3
Бесы , Федор Михайлович Достоевский,"4,3",15,"4,3",6196
Система Возвышения. Второй Том. Часть 1 , Николай Раздоров,"5,0",1,None,None
Пират , Алекс Каменев,"4,0",44,"3,3",7
Гильдия. (Том 4) , Евгений Бергер,"4,5",522,"4,3",160
Файролл. Снисхождение. Том 3 , Андрей Васильев,"4,8",965,"4,3",62
Новая жизнь. Боги , Дмитрий Серебряков,"4,8",2168,"4,3",1117
Замок Толор , Александр Андросенко,"4,0",17,None,None
Волпер , Рос Пер,"4,7",1164,"4,2",56
Сказки об Италии и не только… (сборник) , Максим Горький,"4,0",1,"4,5",7
Сен. Развеять скуку , Илья Арсенов,"4,4",7402,"4,4",7879
Скитальцы , Марина и Сергей Дяченко,"4,6",154,"4,3",554
Изгой , Д,"4,7",617,"4,3",359
Вечный зов. Том I , Анатолий Иванов,"4,7",152,"4,8",233
Нейтральные миры , Константин Николаевич Муравьев,"4,4",189,"3,7",24
Навыки. Колыбель (СИ) , Виктор Казначеев,"4,3",44,"4,9",7
Файролл. Слово и сталь , Андрей Александрович Васильев,"4,8",965,"4,3",62
Великое перерождение , Артем Каменистый,"4,4",390,"4,0",56
Нагибатор,3,"4,2",166,"3,5",22
Алеф , Виктор Глебов,"4,7",20,"3,0",2
Тестер. Ожерелье миров , Владислав Брокт,"4,2",101,"3,0",12
Земли меча и магии. Паладин 3 , Андрей Петров,"3,9",8,None,None
Город Эн (сборник) , Леонид Иванович Добычин,"4,3",7,"3,8",90
Излом 1.0 , Вадим Фарг,"4,8",109,"4,3",664
Ватерлиния , Александр Громов,"4,3",19,"4,0",19
Лавина , Нил Стивенсон,"4,2",88,"4,1",652
Медик. Трилогия , Алексей Бовкунов,"4,4",368,"3,8",41
Идущий в тени 2 , Марк Амврелий,"4,6",14,None,None
Запуск , Элиан Тарс,"4,5",185,"3,7",10
Баронет. Новый дом , Евгений Катрич,"4,5",348,"4,8",80
Игра не по правилам , Р,"3,4",8,"4,5",7
Гремлин. Принуждение к Игре. , Дмитрий Сергеевич Сахненко,"4,2",83,"4,1",858
Путь Шамана. Тайна Темного леса , Василий Михайлович Маханенко,"4,7",854,"4,3",376
"Игра, совершенная как мир ", Виктор Тихонов,"4,0",2,None,None
Игра на Земле , Алексей Лоев,"4,2",16,None,None
Легендарный Лунный Скульптор. Книга 32 , Нам Хи Сон,"4,0",2823,"4,1",2716
Коммивояжер. , Сергей Георгиевич Обатуров,0,оценить,None,None
Монстр 3. Сердце Подземелья , Сергей Бельский,"4,7",429,"3,9",24
Error 02. Троян , Кирилл Геннадьевич Тесленок,"4,3",11,None,None
Anno Domini. Том второй , Макар Ютин,"4,6",15,"4,6",13
Звезда в руке и шило в _. , Сергей Викторович Вишневский,"4,3",348,"3,7",492
Прокачаться до Живого , Андрей Дмитриев,"4,5",4,None,None
Покой нам только снится (сборник) , Александр Александрович Блок,"4,7",108,"5,0",1
Школа Детективов_ Говорящий с тенями , Сергей Кац,"4,8",7,"5,0",1
Путь Шамана. Призрачный замок , Василий Маханенко,"4,7",854,"4,3",376
Новый Горизонт , Максим Куликов,"4,3",24,None,None
Работа для Бога. Первый вздох. , Арт Богданов,"4,4",5,"4,0",3
Барон Серж де Сангре. Книга 3. [СИ] , Ринат Камильевич Назипов,"4,5",174,"4,3",37
"Буран, Тайга и Асмодей ", Deinon,"1,0",1,None,None
Электромагнитная индукция. Повесть (Общ. файл) , Аноним Astrollet,0,оценить,None,None
Фрактал. Четыре демона. Том 2 , Арчи Вар,"4,3",229,"5,0",1
Вселенная. Тихой поступью кошачьей лапкой (СИ) , Марион,"4,5",409,"4,0",186
Поллукс , Константин Келлер,"3,6",35,"4,0",2
Где-то там,Константин Муравьёв,"4,1",214,"3,5",38
Minecraft_ Остров , Макс Брукс,"4,6",196,"4,0",17
Самый странный нуб , Артем Каменистый,"4,7",1131,"4,3",592
Последний паладин. Рождение (СИ) , Евгений Сергеевич Скребцов,"4,7",108,"5,0",1
Призраки Аскалона , Джефф Грабб & Мэтт Форбек,"4,1",11,"4,2",2426
Заханд. Метисация (СИ) , Алексей Владимирович Андриенко,"4,7",24,"3,4",3
Чингисхан. Батый , Василий Ян,"4,6",254,"4,5",1311
Карантин класса «Т» , Андрей Буревой,"4,7",46,"4,3",27
Мертвый Инквизитор. Рассказы , Магазинников Иван,"4,7",50,"4,6",5
Легендарный Лунный Скульптор. Книга 47. , Нам Хи Сон,"4,0",2823,"4,1",2716
